Candidato,Distrito,Lista,Pacto,Partido,votacion
ABERNEGO JOB MARDONES RIQUELME,24,N,LA FUERZA DE LA MAYORIA,COMUNISTA DE CHILE,1951
ADRIANA VERGARA MANQUE,5,O,CONVERGENCIA DEMOCRATICA,DEMOCRATA CRISTIANO,977
ADRIANA ROMAN TAPIA,16,G,FRENTE AMPLIO,INDEPENDIENTE HUMANISTA,2238
AGUSTIN GONZALEZ MORENO,5,G,FRENTE AMPLIO,HUMANISTA,904
ALAN FANCELLI ESMAR,9,B,POR TODO CHILE,PROGRESISTA,1378
ALBERTO MAYOL MIRANDA,10,G,FRENTE AMPLIO,INDEPENDIENTE IGUALDAD,50752
ALEJANDRA FLORES DE LA VEGA,20,H,SUMEMOS,AMPLITUD,1225
ALEJANDRA NOVOA SANDOVAL,14,P,CHILE VAMOS,RENOVACION NACIONAL,17155
ALEJANDRA SEPULVEDA ORBENES,16,K,COALICION REGIONALISTA VERDE,FEDERACION REGIONALISTA VERDE SOCIAL,31737
ALEJANDRA BRAVO HIDALGO,8,P,CHILE VAMOS,REGIONALISTA INDEPENDIENTE,14323
ALEJANDRA DANIELA ARCOS ROSAS,25,K,COALICION REGIONALISTA VERDE,INDEPENDIENTE DEMOCRACIA REGIONAL PATAGONICA,234
ALEJANDRA MARGARITA DIAZ MALUENDA,5,N,LA FUERZA DE LA MAYORIA,POR LA DEMOCRACIA,1465
ALEJANDRA MONASTERIO RIVAS,8,O,CONVERGENCIA DEMOCRATICA,INDEPENDIENTE DEMOCRATA CRISTIANO,4214
ALEJANDRA POZO CORTEZ,3,N,LA FUERZA DE LA MAYORIA,INDEPENDIENTE COMUNISTA DE CHILE,3104
ALEJANDRA RAMIREZ VERDUGO,18,P,CHILE VAMOS,RENOVACION NACIONAL,6019
ALEJANDRA SAA CARRASCO,9,N,LA FUERZA DE LA MAYORIA,POR LA DEMOCRACIA,3369
ALEJANDRA SEPULVEDA RIOS,19,H,SUMEMOS,INDEPENDIENTE AMPLITUD,1221
ALEJANDRA SOLANGE NAVARRETE CARRASCO,9,B,POR TODO CHILE,PROGRESISTA,2866
ALEJANDRA SUAZO DURAN,17,N,LA FUERZA DE LA MAYORIA,SOCIALISTA DE CHILE,4428
ALEJANDRO ANSELMO SULE FERNANDEZ,15,O,CONVERGENCIA DEMOCRATICA,INDEPENDIENTE IZQUIERDA CIUDADANA DE CHILE,2607
ALEJANDRO ARAVENA EGAÃ‘A,9,M,UNION PATRIOTICA,UNION PATRIOTICA,1559
ALEJANDRO BLAMEY ALEGRIA,22,N,LA FUERZA DE LA MAYORIA,INDEPENDIENTE SOCIALISTA DE CHILE,2509
ALEJANDRO GERMAN VERGARA ARIAS,6,G,FRENTE AMPLIO,PODER,2271
ALEJANDRO IGNACIO IRARRAZABAL SALDIAS,14,G,FRENTE AMPLIO,IGUALDAD,2634
ALEJANDRO JAVIER BERNALES MALDONADO,26,G,FRENTE AMPLIO,LIBERAL DE CHILE,6200
ALEJANDRO SANTANA TIRACHINI,26,P,CHILE VAMOS,RENOVACION NACIONAL,23558
ALEJANDRO TELLO ARATA,5,H,SUMEMOS,AMPLITUD,1492
ALEJANDRO ZISIS DRINBERG,8,N,LA FUERZA DE LA MAYORIA,INDEPENDIENTE POR LA DEMOCRACIA,2564
ALENA GUTIERREZ MORENO,14,G,FRENTE AMPLIO,INDEPENDIENTE HUMANISTA,5854
ALEXANDER GABRIEL ARANGUIZ MEZA,8,B,POR TODO CHILE,PROGRESISTA,2011
ALEXANDER MITJAEW PANASEWITSCH,18,B,POR TODO CHILE,INDEPENDIENTE PAIS,459
ALEXANDRA DIAZ MUÃ‘OZ,16,K,COALICION REGIONALISTA VERDE,INDEPENDIENTE FEDERACION REGIONALISTA VERDE SOCIAL,540
ALEXIS MARCELO BARRIA MALDONADO,26,H,SUMEMOS,CIUDADANOS,3160
ALEXIS SEPULVEDA SOTO,17,N,LA FUERZA DE LA MAYORIA,RADICAL SOCIALDEMOCRATA,18390
ALFONSO BELMAR RODRIGUEZ,21,G,FRENTE AMPLIO,ECOLOGISTA VERDE,3109
ALFREDO VALENZUELA BRICEÃ‘O,15,K,COALICION REGIONALISTA VERDE,FEDERACION REGIONALISTA VERDE SOCIAL,1388
ALICIA NOEMI MARIN SOTOMAYOR,25,B,POR TODO CHILE,PROGRESISTA,404
ALVARO CARTER FERNANDEZ,12,P,CHILE VAMOS,INDEPENDIENTE UNION DEMOCRATA INDEPENDIENTE,27491
ALVARO SANHUEZA MARIPANGUE,7,H,SUMEMOS,AMPLITUD,2316
ALVARO ANDRES ARRIETA LEIVA,18,H,SUMEMOS,CIUDADANOS,775
ALVARO PILLADO IRRIBARRA,13,P,CHILE VAMOS,UNION DEMOCRATA INDEPENDIENTE,9920
ALVARO VARGAS SALAS,24,P,CHILE VAMOS,RENOVACION NACIONAL,5071
AMANDA MILOSEVICH PEPPER,25,P,CHILE VAMOS,EVOLUCION POLITICA,1821
AMARO LABRA SEPULVEDA,12,N,LA FUERZA DE LA MAYORIA,COMUNISTA DE CHILE,6316
ANA ARAYA ROMERO,7,M,UNION PATRIOTICA,UNION PATRIOTICA,502
ANA GRICELLE ABARCA ABARCA,23,G,FRENTE AMPLIO,HUMANISTA,723
ANA INES MARDONES CONTRERAS,11,B,POR TODO CHILE,PROGRESISTA,553
ANA MARIA ARIAS AGURTO,9,M,UNION PATRIOTICA,UNION PATRIOTICA,1208
ANA MARIA CALISTO RAMIREZ,26,K,COALICION REGIONALISTA VERDE,INDEPENDIENTE DEMOCRACIA REGIONAL PATAGONICA,424
ANA MARIA HERNANDEZ SAN MARTIN,10,O,CONVERGENCIA DEMOCRATICA,DEMOCRATA CRISTIANO,2485
ANA MARIA LUKSIC ROMERO,2,O,CONVERGENCIA DEMOCRATICA,DEMOCRATA CRISTIANO,961
ANA MARIA MOLINA VILLARREAL,8,M,UNION PATRIOTICA,UNION PATRIOTICA,1259
ANA MARIA TOLEDO GUERRA,13,B,POR TODO CHILE,PROGRESISTA,2655
ANDREA CONDEMARIN FUENTES,9,B,POR TODO CHILE,PROGRESISTA,2924
ANDREA DUARTE VIDAL,10,B,POR TODO CHILE,PROGRESISTA,2017
ANDREA OJEDA MIRANDA,8,P,CHILE VAMOS,RENOVACION NACIONAL,15362
ANDREA GUZMAN HERRERA,5,R,CANDIDATURA INDEPENDIENTE,CANDIDATURA INDEPENDIENTE,5502
ANDREA MACARENA MURILLO NEUMANN,1,O,CONVERGENCIA DEMOCRATICA,DEMOCRATA CRISTIANO,1531
ANDREA MERCADO BETANZO,23,N,LA FUERZA DE LA MAYORIA,INDEPENDIENTE RADICAL SOCIALDEMOCRATA,882
ANDREA PARRA SAUTEREL,22,N,LA FUERZA DE LA MAYORIA,POR LA DEMOCRACIA,10312
ANDREA ROSMANICH ROJAS,25,P,CHILE VAMOS,RENOVACION NACIONAL,4303
ANDREA SAAVEDRA TEIGUE,22,N,LA FUERZA DE LA MAYORIA,SOCIALISTA DE CHILE,2781
ANDREA STELLA SALAZAR NAVIA,12,G,FRENTE AMPLIO,INDEPENDIENTE REVOLUCION DEMOCRATICA,5866
ANDRES ALFONSO GUILLERMO LEAL ALVARADO,15,G,FRENTE AMPLIO,HUMANISTA,1605
ANDRES ALFONSO JOUANNET VALDERRAMA,23,O,CONVERGENCIA DEMOCRATICA,DEMOCRATA CRISTIANO,8152
ANDRES CELIS MONTT,7,P,CHILE VAMOS,RENOVACION NACIONAL,21285
ANDRES ESTEBAN MORENO BILBAO,15,B,POR TODO CHILE,INDEPENDIENTE PROGRESISTA,1325
ANDRES LONGTON HERRERA,6,P,CHILE VAMOS,RENOVACION NACIONAL,38874
ANDRES LORCA SAAVEDRA,15,O,CONVERGENCIA DEMOCRATICA,DEMOCRATA CRISTIANO,3176
ANDRES MOLINA MAGOFKE,23,P,CHILE VAMOS,EVOLUCION POLITICA,23927
ANDRES SANTANDER ORTEGA,8,N,LA FUERZA DE LA MAYORIA,SOCIALISTA DE CHILE,8932
ANGEL RICARDO BOZAN RAMOS,14,N,LA FUERZA DE LA MAYORIA,POR LA DEMOCRACIA,6499
ANGELA ERCILIA ROJAS BARRIOS,5,K,COALICION REGIONALISTA VERDE,INDEPENDIENTE FEDERACION REGIONALISTA VERDE SOCIAL,1378
ANGELICA CORNEJO ZUÃ‘IGA,10,M,UNION PATRIOTICA,UNION PATRIOTICA,608
ANGELICA MARIA HENRIQUEZ FERNANDEZ,25,K,COALICION REGIONALISTA VERDE,INDEPENDIENTE DEMOCRACIA REGIONAL PATAGONICA,700
ANGELICA PINO SAN MARTIN,14,P,CHILE VAMOS,RENOVACION NACIONAL,9315
ANGELO ALEJANDRO CARRASCO ARIAS,1,N,LA FUERZA DE LA MAYORIA,POR LA DEMOCRACIA,1746
ANN HUNTER GUTIERREZ,24,P,CHILE VAMOS,INDEPENDIENTE UNION DEMOCRATA INDEPENDIENTE,4071
ANNETTE RAPU ZAMORA,7,P,CHILE VAMOS,INDEPENDIENTE UNION DEMOCRATA INDEPENDIENTE,2355
ANTONINO PARISI FERNANDEZ,3,K,COALICION REGIONALISTA VERDE,DEMOCRACIA REGIONAL PATAGONICA,5513
ANTONIO HORVATH GUTIERREZ,14,P,CHILE VAMOS,RENOVACION NACIONAL,8285
ARACELY LEUQUEN URIBE,27,P,CHILE VAMOS,RENOVACION NACIONAL,3925
ARTURO MUÃ‘OZ ZUÃ‘IGA,11,M,UNION PATRIOTICA,UNION PATRIOTICA,774
ASHLY VENEGAS CLOBARES,6,H,SUMEMOS,AMPLITUD,499
BALDRAMINA DEL CARMEN HENRIQUEZ COFRE,20,O,CONVERGENCIA DEMOCRATICA,MAS REGION,715
BARBARA GONZALEZ CID,7,M,UNION PATRIOTICA,UNION PATRIOTICA,394
BARBARA SOTO SILVA,11,P,CHILE VAMOS,UNION DEMOCRATA INDEPENDIENTE,12071
BAYRON MANUEL VELASQUEZ PAREDES,24,G,FRENTE AMPLIO,HUMANISTA,2084
BEATRIZ VILLENA ROCO,17,N,LA FUERZA DE LA MAYORIA,POR LA DEMOCRACIA,6993
BENJAMIN NELSON ARANEDA GONZALEZ,15,B,POR TODO CHILE,PROGRESISTA,694
BERNARDO BERGER FETT,24,P,CHILE VAMOS,RENOVACION NACIONAL,24070
BERTA ANGELICA BELMAR RUIZ,20,N,LA FUERZA DE LA MAYORIA,POR LA DEMOCRACIA,1070
BERTA DEL CARMEN MONTECINOS DURAN,8,B,POR TODO CHILE,PROGRESISTA,2738
BORIS ANTHONY BARRERA MORENO,9,N,LA FUERZA DE LA MAYORIA,COMUNISTA DE CHILE,4352
BORIS DURAN REYES,17,N,LA FUERZA DE LA MAYORIA,SOCIALISTA DE CHILE,9222
CAMILA BRUNA FAUNDES,13,N,LA FUERZA DE LA MAYORIA,POR LA DEMOCRACIA,6586
CAMILA IANISZEWSKI CONTRERAS,11,G,FRENTE AMPLIO,IGUALDAD,2324
CAMILA NAVARRO AGUAYO,1,G,FRENTE AMPLIO,LIBERAL DE CHILE,1784
CAMILA ROJAS VALDERRAMA,7,G,FRENTE AMPLIO,INDEPENDIENTE IGUALDAD,14885
CAMILA VALLEJO DOWLING,12,N,LA FUERZA DE LA MAYORIA,COMUNISTA DE CHILE,47807
CAMILA FLORES OPORTO,6,P,CHILE VAMOS,RENOVACION NACIONAL,15283
CAMILO LAGOS MIRANDA,8,B,POR TODO CHILE,PROGRESISTA,4990
CAMILO RIFFO QUINTANA,20,G,FRENTE AMPLIO,HUMANISTA,7937
CAMILO ADOLFO NELZON MEDINA CUSI,1,B,POR TODO CHILE,INDEPENDIENTE PROGRESISTA,326
CAMILO ARTURO GARCIA DE LA BARRA,16,N,LA FUERZA DE LA MAYORIA,RADICAL SOCIALDEMOCRATA,1869
CAMILO SANCHEZ PIZARRO,6,N,LA FUERZA DE LA MAYORIA,COMUNISTA DE CHILE,6930
CARI LEMU ALVAREZ TORRES,24,G,FRENTE AMPLIO,ECOLOGISTA VERDE,2123
CARLA ANDREA AMTMANN FECCI,24,G,FRENTE AMPLIO,REVOLUCION DEMOCRATICA,7749
CARLA BOSSELIN ZUÃ‘IGA,21,G,FRENTE AMPLIO,IGUALDAD,1143
CARLA CEBALLOS SANTIBAÃ‘EZ,21,P,CHILE VAMOS,INDEPENDIENTE EVOLUCION POLITICA,2002
CARLA GONZALEZ MORALES,10,M,UNION PATRIOTICA,UNION PATRIOTICA,633
CARLA MAILEN SOTO GALLARDO,24,N,LA FUERZA DE LA MAYORIA,POR LA DEMOCRACIA,706
CARLOS ASTUDILLO LOPEZ,13,G,FRENTE AMPLIO,IGUALDAD,2869
CARLOS MANDRIAZA MUÃ‘OZ,28,O,CONVERGENCIA DEMOCRATICA,DEMOCRATA CRISTIANO,329
CARLOS ABEL JARPA WEVAR,19,N,LA FUERZA DE LA MAYORIA,RADICAL SOCIALDEMOCRATA,15377
CARLOS ALBERTO NAVARRO GALLINATO,14,G,FRENTE AMPLIO,IGUALDAD,3202
CARLOS ALBERTO TILLERIA GOMEZ,18,G,FRENTE AMPLIO,REVOLUCION DEMOCRATICA,2815
CARLOS CRUZ-COKE CARVALLO,5,P,CHILE VAMOS,RENOVACION NACIONAL,9542
CARLOS EDUARDO CONTRERAS OYARZUN,26,N,LA FUERZA DE LA MAYORIA,RADICAL SOCIALDEMOCRATA,3010
CARLOS EDUARDO SANTELICES LAGOS,2,B,POR TODO CHILE,INDEPENDIENTE PAIS,601
CARLOS ENRIQUE LOPEZ VEGA,3,P,CHILE VAMOS,REGIONALISTA INDEPENDIENTE,3193
CARLOS ENRIQUE ORTEGA AEDO,15,K,COALICION REGIONALISTA VERDE,INDEPENDIENTE FEDERACION REGIONALISTA VERDE SOCIAL,603
CARLOS HERNAN ASTETE ALVAREZ,19,B,POR TODO CHILE,PROGRESISTA,1719
CARLOS HORACIO VIO VICUÃ‘A,7,H,SUMEMOS,AMPLITUD,462
CARLOS IGNACIO KUSCHEL SILVA,26,P,CHILE VAMOS,RENOVACION NACIONAL,11250
CARLOS IVAN MUÃ‘OZ ARAYA,17,H,SUMEMOS,CIUDADANOS,1076
CARLOS LEMUS CID,6,M,UNION PATRIOTICA,UNION PATRIOTICA,1127
CARLOS VILCHES GUZMAN,4,P,CHILE VAMOS,UNION DEMOCRATA INDEPENDIENTE,3090
CARMEN GLORIA MARTINEZ CARDENAS,27,O,CONVERGENCIA DEMOCRATICA,DEMOCRATA CRISTIANO,1230
CARMEN HERTZ CADIZ,8,N,LA FUERZA DE LA MAYORIA,COMUNISTA DE CHILE,16035
CAROL HOLE BELL,15,K,COALICION REGIONALISTA VERDE,INDEPENDIENTE FEDERACION REGIONALISTA VERDE SOCIAL,919
CAROLA ANDREA SOLIS ARAYA,10,N,LA FUERZA DE LA MAYORIA,RADICAL SOCIALDEMOCRATA,2107
CAROLINA MONSALVES SANHUEZA,19,G,FRENTE AMPLIO,INDEPENDIENTE ECOLOGISTA VERDE,4247
CAROLINA VASQUEZ ESPINOZA,2,H,SUMEMOS,INDEPENDIENTE AMPLITUD,497
CAROLINA ADRIANA HERRERA CALQUIN,1,B,POR TODO CHILE,INDEPENDIENTE PROGRESISTA,713
CAROLINA ALEJANDRA PINO COLLADO,26,H,SUMEMOS,CIUDADANOS,628
CAROLINA DE LA PAZ HINOJOSA CANALES,10,B,POR TODO CHILE,INDEPENDIENTE PROGRESISTA,1717
CAROLINA ELIANA VIDELA OSORIO,1,N,LA FUERZA DE LA MAYORIA,COMUNISTA DE CHILE,2630
CAROLINA ELIZABETH MOBAREC VALENCIA,3,K,COALICION REGIONALISTA VERDE,FEDERACION REGIONALISTA VERDE SOCIAL,870
CAROLINA ELSA ICELA CUCUMIDES CALDERON,16,N,LA FUERZA DE LA MAYORIA,POR LA DEMOCRACIA,9157
CAROLINA INES HENRIQUEZ GUTIERREZ,5,O,CONVERGENCIA DEMOCRATICA,DEMOCRATA CRISTIANO,3213
CAROLINA LAVIN ALIAGA,10,P,CHILE VAMOS,UNION DEMOCRATA INDEPENDIENTE,7979
CAROLINA LETICIA DUPUY GUARDA,25,H,SUMEMOS,INDEPENDIENTE CIUDADANOS,437
CAROLINA MARZAN PINTO,6,N,LA FUERZA DE LA MAYORIA,POR LA DEMOCRACIA,14422
CAROLINA MORA SAA,9,O,CONVERGENCIA DEMOCRATICA,DEMOCRATA CRISTIANO,7541
CAROLINA SALDIVIA SALAZAR,28,G,FRENTE AMPLIO,INDEPENDIENTE HUMANISTA,541
CAROLINA TORRES GONZALEZ,5,H,SUMEMOS,INDEPENDIENTE AMPLITUD,959
CATALINA PEREZ SALINAS,3,G,FRENTE AMPLIO,REVOLUCION DEMOCRATICA,6106
CATALINA ANDREA YOVANE GARCIA,25,G,FRENTE AMPLIO,INDEPENDIENTE PODER,1073
CATALINA DEL REAL MIHOVILOVIC,11,P,CHILE VAMOS,RENOVACION NACIONAL,43499
CATALINA VALESKA VALENZUELA MAUREIRA,23,G,FRENTE AMPLIO,HUMANISTA,1560
CATALINA VELASQUEZ FLORES,25,N,LA FUERZA DE LA MAYORIA,COMUNISTA DE CHILE,926
CATALINA VIDAL MENDEZ,9,G,FRENTE AMPLIO,HUMANISTA,5657
CATHERINE FIELDHOUSE ALARCON,15,K,COALICION REGIONALISTA VERDE,INDEPENDIENTE FEDERACION REGIONALISTA VERDE SOCIAL,2437
CECILIA TIRADO SOTO,5,O,CONVERGENCIA DEMOCRATICA,DEMOCRATA CRISTIANO,1352
CECILIA AGUAYO IPINZA,10,P,CHILE VAMOS,INDEPENDIENTE EVOLUCION POLITICA,1257
CECILIA GONZALEZ HANSEN,11,O,CONVERGENCIA DEMOCRATICA,DEMOCRATA CRISTIANO,2751
CECILIA VALDES LEON,8,O,CONVERGENCIA DEMOCRATICA,DEMOCRATA CRISTIANO,5586
CECILIO AGUILAR GALINDO,27,R,CANDIDATURA INDEPENDIENTE,CANDIDATURA INDEPENDIENTE,1867
CELSO MORALES MUÃ‘OZ,17,P,CHILE VAMOS,UNION DEMOCRATA INDEPENDIENTE,22089
CESAR ALEJANDRO SOLIS SANCHEZ,13,G,FRENTE AMPLIO,REVOLUCION DEMOCRATICA,7436
CESAR ANTONIO VALENCIA CORTES,5,N,LA FUERZA DE LA MAYORIA,INDEPENDIENTE RADICAL SOCIALDEMOCRATA,3444
CHRISTIAN PULGAR TOLEDO,10,G,FRENTE AMPLIO,HUMANISTA,1108
CHRISTIAN ANDRES GONZALEZ GONZALEZ,16,O,CONVERGENCIA DEMOCRATICA,INDEPENDIENTE IZQUIERDA CIUDADANA DE CHILE,1133
CHRISTIAN JORQUERA TAPIA,10,M,UNION PATRIOTICA,UNION PATRIOTICA,456
CHRISTIAN URIZAR MUÃ‘OZ,6,N,LA FUERZA DE LA MAYORIA,SOCIALISTA DE CHILE,11232
CLARA MENESES COLOMA,4,K,COALICION REGIONALISTA VERDE,FEDERACION REGIONALISTA VERDE SOCIAL,313
CLARA RIOS LUEIZA,14,M,UNION PATRIOTICA,UNION PATRIOTICA,958
CLARISA RIOS INOSTROZA,7,M,UNION PATRIOTICA,UNION PATRIOTICA,770
CLAUDE ROUTHIER CARTES,25,H,SUMEMOS,INDEPENDIENTE TODOS,424
CLAUDIA LANGE FARIAS,12,P,CHILE VAMOS,UNION DEMOCRATA INDEPENDIENTE,2868
CLAUDIA MONJE VIDAL,20,G,FRENTE AMPLIO,INDEPENDIENTE HUMANISTA,3411
CLAUDIA NOGUEIRA FERNANDEZ,9,P,CHILE VAMOS,UNION DEMOCRATA INDEPENDIENTE,19493
CLAUDIA ANDREA SANCHEZ SOTO,17,O,CONVERGENCIA DEMOCRATICA,DEMOCRATA CRISTIANO,2237
CLAUDIA ARAVENA LAGOS,18,O,CONVERGENCIA DEMOCRATICA,DEMOCRATA CRISTIANO,6479
CLAUDIA ARCOS DUARTE,6,G,FRENTE AMPLIO,IGUALDAD,5501
CLAUDIA BERNARDITA CHAVEZ GONZALEZ,24,H,SUMEMOS,CIUDADANOS,933
CLAUDIA HURTADO ESPINOZA,20,P,CHILE VAMOS,UNION DEMOCRATA INDEPENDIENTE,2958
CLAUDIA LORENA SUBIABRE MAYORGA,23,H,SUMEMOS,AMPLITUD,549
CLAUDIA MENESES OLIVA,3,P,CHILE VAMOS,INDEPENDIENTE UNION DEMOCRATA INDEPENDIENTE,3304
CLAUDIA NATHALIE MIX JIMENEZ,8,G,FRENTE AMPLIO,PODER,20958
CLAUDIO ARRIAGADA MACAYA,10,O,CONVERGENCIA DEMOCRATICA,DEMOCRATA CRISTIANO,18027
CLAUDIO HERRERA SAN MARTIN,12,B,POR TODO CHILE,PROGRESISTA,1014
CLAUDIO ANDRES SANCHEZ BUSTOS,3,B,POR TODO CHILE,PROGRESISTA,1214
CLAUDIO CANEPA BLUMENBERG,16,G,FRENTE AMPLIO,REVOLUCION DEMOCRATICA,1377
CLAUDIO EGUILUZ RODRIGUEZ,20,P,CHILE VAMOS,RENOVACION NACIONAL,8844
CLAUDIO MARTINEZ LABRA,26,O,CONVERGENCIA DEMOCRATICA,DEMOCRATA CRISTIANO,7888
CLAUDIO OYARZUN CARCAMO,26,N,LA FUERZA DE LA MAYORIA,POR LA DEMOCRACIA,5048
CLAUDIO PATRICIO MONTERO ARRATIA,14,B,POR TODO CHILE,INDEPENDIENTE PROGRESISTA,1352
CONSTANTINO ZAFIROPULOS BOSSY,3,H,SUMEMOS,AMPLITUD,3460
COSME MELLADO PINO,16,N,LA FUERZA DE LA MAYORIA,RADICAL SOCIALDEMOCRATA,8864
CRESCENCIO LOPEZ PEREZ,7,H,SUMEMOS,AMPLITUD,344
CRISTHIAN MOREIRA BARROS,13,P,CHILE VAMOS,UNION DEMOCRATA INDEPENDIENTE,18125
CRISTIAN BAEZA FIGUEROA,13,M,UNION PATRIOTICA,UNION PATRIOTICA,1045
CRISTIAN CUEVAS ZAMBRANO,20,G,FRENTE AMPLIO,HUMANISTA,7504
CRISTIAN GALLEGUILLOS VEGA,5,O,CONVERGENCIA DEMOCRATICA,DEMOCRATA CRISTIANO,5373
CRISTIAN ALEJANDRO PALMA SANHUEZA,15,B,POR TODO CHILE,INDEPENDIENTE PROGRESISTA,1221
CRISTIAN ALFREDO ROJAS DONOSO,15,B,POR TODO CHILE,INDEPENDIENTE PROGRESISTA,830
CRISTIAN ANTONIO QUIROZ REYES,19,B,POR TODO CHILE,PAIS,11905
CRISTIAN BOWEN GARFIAS,9,O,CONVERGENCIA DEMOCRATICA,DEMOCRATA CRISTIANO,11954
CRISTIAN CAMPOS JARA,20,N,LA FUERZA DE LA MAYORIA,POR LA DEMOCRACIA,11178
CRISTIAN MARCELO DIAZ MUÃ‘OZ,13,B,POR TODO CHILE,PROGRESISTA,1555
CRISTINA GIRARDI LAVIN,9,N,LA FUERZA DE LA MAYORIA,POR LA DEMOCRACIA,16211
CRISTOBAL ACEVEDO FERRER,11,O,CONVERGENCIA DEMOCRATICA,DEMOCRATA CRISTIANO,8248
CRISTOBAL LETURIA INFANTE,9,P,CHILE VAMOS,UNION DEMOCRATA INDEPENDIENTE,2754
CRISTOBAL MARDONES DIAZ,8,G,FRENTE AMPLIO,HUMANISTA,5000
CRISTOBAL MARTINEZ RAMIREZ,19,P,CHILE VAMOS,INDEPENDIENTE UNION DEMOCRATA INDEPENDIENTE,12830
CRISTOBAL URRUTICOECHEA RIOS,21,P,CHILE VAMOS,RENOVACION NACIONAL,22190
CYNTHIA LORENA BURGOS SANCHEZ,6,N,LA FUERZA DE LA MAYORIA,SOCIALISTA DE CHILE,3559
DAMARIS ILIA HERNANDEZ MUÃ‘OZ,20,B,POR TODO CHILE,PAIS,813
DANIEL NUÃ‘EZ ARANCIBIA,5,N,LA FUERZA DE LA MAYORIA,COMUNISTA DE CHILE,15300
DANIEL VARGAS DOWNING,3,D,PARTIDO DE TRABAJADORES REVOLUCIONARIOS,DE TRABAJADORES REVOLUCIONARIOS,1154
DANIEL ANGEL VERDESSI BELEMMI,6,O,CONVERGENCIA DEMOCRATICA,DEMOCRATA CRISTIANO,11571
DANIEL ERNESTO ADARO SILVA,3,K,COALICION REGIONALISTA VERDE,FEDERACION REGIONALISTA VERDE SOCIAL,5252
DANIEL MELO CONTRERAS,13,N,LA FUERZA DE LA MAYORIA,SOCIALISTA DE CHILE,17969
DANIELLA CICARDINI MILLA,4,N,LA FUERZA DE LA MAYORIA,SOCIALISTA DE CHILE,16488
DANIELLA CORTES BAUER,5,G,FRENTE AMPLIO,IGUALDAD,2564
DANISA ASTUDILLO PEIRETTI,2,N,LA FUERZA DE LA MAYORIA,SOCIALISTA DE CHILE,8435
DANN ALEJANDRO ESPINOZA POZO,7,G,FRENTE AMPLIO,INDEPENDIENTE PODER,3200
DAUNO TOTORO NAVARRO,10,R,CANDIDATURA INDEPENDIENTE,CANDIDATURA INDEPENDIENTE,7355
DAVID HENRIQUEZ ESPINOZA,12,B,POR TODO CHILE,PROGRESISTA,5477
DAVID MORALES NORDETTI,14,O,CONVERGENCIA DEMOCRATICA,DEMOCRATA CRISTIANO,6640
DAVID ALEXIS SALDAÃ‘A VERGARA,14,B,POR TODO CHILE,PROGRESISTA,706
DAVID BLANCO URZUA,8,B,POR TODO CHILE,PROGRESISTA,1274
DENIS CORTES AGUILERA,5,O,CONVERGENCIA DEMOCRATICA,DEMOCRATA CRISTIANO,8699
DENISSE GUERRA MARTINEZ,28,G,FRENTE AMPLIO,INDEPENDIENTE HUMANISTA,205
DENNY FLORES BUSTOS,14,M,UNION PATRIOTICA,UNION PATRIOTICA,843
DIEGO PAULSEN KEHR,22,P,CHILE VAMOS,RENOVACION NACIONAL,24405
DIEGO VILLAS MONTECINOS,9,G,FRENTE AMPLIO,IGUALDAD,2825
DIEGO EDUARDO CALDERON GAJARDO,14,O,CONVERGENCIA DEMOCRATICA,DEMOCRATA CRISTIANO,6381
DIEGO IBAÃ‘EZ COTRONEO,6,G,FRENTE AMPLIO,HUMANISTA,9185
DIEGO SCHALPER SEPULVEDA,15,P,CHILE VAMOS,INDEPENDIENTE RENOVACION NACIONAL,19285
DIELA MARIA ALVAREZ ORTEGA,3,K,COALICION REGIONALISTA VERDE,FEDERACION REGIONALISTA VERDE SOCIAL,411
DOMINGO MONTECINOS OSSES,21,B,POR TODO CHILE,INDEPENDIENTE PROGRESISTA,1429
DOMINGO ANTONIO RUBILAR RUIZ,28,N,LA FUERZA DE LA MAYORIA,POR LA DEMOCRACIA,2479
DONNA HERRERA BARRERA,6,H,SUMEMOS,AMPLITUD,2511
DORIS GONZALEZ LEMUNAO,8,G,FRENTE AMPLIO,INDEPENDIENTE HUMANISTA,9820
EDDY ROLDAN CABRERA,9,R,CANDIDATURA INDEPENDIENTE,CANDIDATURA INDEPENDIENTE,14906
EDGAR MUÃ‘OZ RETAMALES,3,G,FRENTE AMPLIO,LIBERAL DE CHILE,1259
EDGARDO HUGO SEPULVEDA HACHIGUR,23,H,SUMEMOS,INDEPENDIENTE AMPLITUD,4159
EDITH ESTAY OLGUIN,6,M,UNION PATRIOTICA,UNION PATRIOTICA,1055
EDSON CHAVEZ SEVERINO,7,N,LA FUERZA DE LA MAYORIA,COMUNISTA DE CHILE,2664
EDUARDO DURAN SALINAS,13,P,CHILE VAMOS,RENOVACION NACIONAL,19744
EDUARDO ROMO LAFOY,27,H,SUMEMOS,INDEPENDIENTE TODOS,228
EDUARDO ANTONIO OCAMPO CASTILLO,26,G,FRENTE AMPLIO,INDEPENDIENTE ECOLOGISTA VERDE,4432
EDUARDO GUTIERREZ GONZALEZ,12,M,UNION PATRIOTICA,UNION PATRIOTICA,1387
EDUARDO JAVIER VERGARA BOLBARAN,15,N,LA FUERZA DE LA MAYORIA,POR LA DEMOCRACIA,7006
EDUARDO SALAS CERDA,24,P,CHILE VAMOS,REGIONALISTA INDEPENDIENTE,3340
ELENA ROJAS ALVARADO,17,P,CHILE VAMOS,UNION DEMOCRATA INDEPENDIENTE,2510
ELIANA MELENDEZ MOLINA,11,B,POR TODO CHILE,PROGRESISTA,921
ELIAS RAMOS MUÃ‘OZ,20,R,CANDIDATURA INDEPENDIENTE,CANDIDATURA INDEPENDIENTE,12702
ELIAS VISTOSO URRUTIA,17,P,CHILE VAMOS,EVOLUCION POLITICA,5951
ELISA CORTES ARAYA,5,N,LA FUERZA DE LA MAYORIA,COMUNISTA DE CHILE,1895
ELIZABETH ARMSTRONG GONZALEZ,6,H,SUMEMOS,AMPLITUD,1563
ELIZABETH MUJICA ZEPEDA,20,G,FRENTE AMPLIO,ECOLOGISTA VERDE,3937
ELSON BORQUEZ YAÃ‘EZ,27,K,COALICION REGIONALISTA VERDE,DEMOCRACIA REGIONAL PATAGONICA,245
EMILIA IRIS NUYADO ANCAPICHUN,25,N,LA FUERZA DE LA MAYORIA,SOCIALISTA DE CHILE,8149
EMMANUEL LARA ACEVEDO,15,M,UNION PATRIOTICA,UNION PATRIOTICA,848
ENRIQUE JARAMILLO ASTUDILLO,24,N,LA FUERZA DE LA MAYORIA,POR LA DEMOCRACIA,13504
ENRIQUE EDIS JARA RIVERA,19,G,FRENTE AMPLIO,IGUALDAD,2643
ENRIQUE LUIS ACCORSI OPAZO,11,N,LA FUERZA DE LA MAYORIA,POR LA DEMOCRACIA,10572
ENRIQUE VAN RYSSELBERGHE HERRERA,20,P,CHILE VAMOS,UNION DEMOCRATA INDEPENDIENTE,28757
ERICK MARCO ANTONIO COÃ‘OMAN GARAY,9,G,FRENTE AMPLIO,PODER,4882
ERIKA ANDREA GUAIQUIN GUAIQUIN,26,K,COALICION REGIONALISTA VERDE,INDEPENDIENTE DEMOCRACIA REGIONAL PATAGONICA,535
ERIKA MARIA CHAVEZ CONA,23,H,SUMEMOS,INDEPENDIENTE AMPLITUD,1388
ERIKA MUÃ‘OZ BRAVO,6,P,CHILE VAMOS,UNION DEMOCRATA INDEPENDIENTE,6137
ERIKA OLIVERA DE LA FUENTE,9,P,CHILE VAMOS,INDEPENDIENTE RENOVACION NACIONAL,30817
ERNESTINA SARMIENTO RIVERA,5,P,CHILE VAMOS,INDEPENDIENTE UNION DEMOCRATA INDEPENDIENTE,1340
ERNESTO JAVIER LAVANDERO PEREIRA,23,B,POR TODO CHILE,INDEPENDIENTE PAIS,869
ERNESTO VELASCO RODRIGUEZ,5,N,LA FUERZA DE LA MAYORIA,RADICAL SOCIALDEMOCRATA,11929
ESTEBAN ZLATAR FRANULIC,3,K,COALICION REGIONALISTA VERDE,DEMOCRACIA REGIONAL PATAGONICA,1229
ESTEBAN CACERES OLAVE,14,M,UNION PATRIOTICA,UNION PATRIOTICA,716
ESTEBAN JORGE VELASQUEZ NUÃ‘EZ,3,K,COALICION REGIONALISTA VERDE,FEDERACION REGIONALISTA VERDE SOCIAL,10067
EUDALDO HERNAN GONZALEZ MANRIQUEZ,18,B,POR TODO CHILE,INDEPENDIENTE PROGRESISTA,587
EUGENIA MANCILLA MACIAS,28,O,CONVERGENCIA DEMOCRATICA,DEMOCRATA CRISTIANO,3262
EVA JIMENEZ URIZAR,10,O,CONVERGENCIA DEMOCRATICA,DEMOCRATA CRISTIANO,3913
EVARISTO RENE CURICAL Ã‘ANCO,22,G,FRENTE AMPLIO,INDEPENDIENTE HUMANISTA,4360
EVELYN DIANA GOMEZ HIDALGO,8,O,CONVERGENCIA DEMOCRATICA,INDEPENDIENTE DEMOCRATA CRISTIANO,2257
FABIAN VASQUEZ SILVA,10,M,UNION PATRIOTICA,UNION PATRIOTICA,683
FABIOLA CRISTINA ASMAD REYES,4,O,CONVERGENCIA DEMOCRATICA,MAS REGION,305
FABIOLA ESCARLEN EWERT DAZA,4,B,POR TODO CHILE,INDEPENDIENTE PROGRESISTA,530
FABIOLA PATRICIA LAGOS LIZAMA,20,N,LA FUERZA DE LA MAYORIA,POR LA DEMOCRACIA,5499
FANNY ESTHER ARAYA BAHAMONDE,19,B,POR TODO CHILE,PROGRESISTA,812
FELIPE CISTERNAS SOBARZO,18,P,CHILE VAMOS,RENOVACION NACIONAL,7403
FELIPE HERNANDEZ VIDAL,20,O,CONVERGENCIA DEMOCRATICA,MAS REGION,825
FELIPE FABIAN VALDEBENITO LEIVA,23,G,FRENTE AMPLIO,HUMANISTA,5315
FELIPE LETELIER NORAMBUENA,15,N,LA FUERZA DE LA MAYORIA,POR LA DEMOCRACIA,12402
FELIX GONZALEZ GATICA,20,G,FRENTE AMPLIO,ECOLOGISTA VERDE,18397
FERNANDO SAN ROMAN BASCUÃ‘AN,3,G,FRENTE AMPLIO,HUMANISTA,5729
FERNANDO ADILIO LEAL ARAVENA,17,B,POR TODO CHILE,PAIS,3154
FERNANDO ANDRES ENCINA WAISSBLUTH,11,G,FRENTE AMPLIO,INDEPENDIENTE HUMANISTA,2651
FERNANDO ANTINAO JELVES,20,N,LA FUERZA DE LA MAYORIA,COMUNISTA DE CHILE,3438
FERNANDO ATRIA LEMAITRE,11,N,LA FUERZA DE LA MAYORIA,SOCIALISTA DE CHILE,16107
FERNANDO MEZA MONCADA,23,N,LA FUERZA DE LA MAYORIA,RADICAL SOCIALDEMOCRATA,13696
FIDEL ESPINOZA SANDOVAL,25,N,LA FUERZA DE LA MAYORIA,SOCIALISTA DE CHILE,27999
FIDEL RODRIGO CUETO ROSALES,6,G,FRENTE AMPLIO,REVOLUCION DEMOCRATICA,6567
FILOMENA CARMEN URBINA CAMPOS,15,B,POR TODO CHILE,PROGRESISTA,1714
FLORCITA ALARCON ROJAS,17,G,FRENTE AMPLIO,HUMANISTA,6482
FRANCESCA FIGARI SCHENCK,5,P,CHILE VAMOS,INDEPENDIENTE RENOVACION NACIONAL,1716
FRANCESCA MUÃ‘OZ GONZALEZ,20,P,CHILE VAMOS,RENOVACION NACIONAL,23165
FRANCESCA PARODI OPPLIGER,20,P,CHILE VAMOS,EVOLUCION POLITICA,12371
FRANCISCA CHAHUAN GAJARDO,6,H,SUMEMOS,INDEPENDIENTE AMPLITUD,4434
FRANCISCA BASCUÃ‘AN PEÃ‘A,18,N,LA FUERZA DE LA MAYORIA,RADICAL SOCIALDEMOCRATA,2328
FRANCISCO FIGUEROA CERDA,10,G,FRENTE AMPLIO,ECOLOGISTA VERDE,5793
FRANCISCO MUÃ‘OZ LE-BRETON,26,P,CHILE VAMOS,UNION DEMOCRATA INDEPENDIENTE,3194
FRANCISCO ALEJANDRO PARRAGUEZ LEIVA,15,O,CONVERGENCIA DEMOCRATICA,IZQUIERDA CIUDADANA DE CHILE,5706
FRANCISCO BUCAT OVIEDO,26,B,POR TODO CHILE,INDEPENDIENTE PROGRESISTA,438
FRANCISCO EGUIGUREN CORREA,5,P,CHILE VAMOS,RENOVACION NACIONAL,11132
FRANCISCO ENRIQUE ALARCON NAVARRO,28,N,LA FUERZA DE LA MAYORIA,COMUNISTA DE CHILE,1315
FRANCISCO FLORES RIQUELME,9,N,LA FUERZA DE LA MAYORIA,SOCIALISTA DE CHILE,3480
FRANCISCO JAVIER NUÃ‘EZ MARTINEZ,24,H,SUMEMOS,CIUDADANOS,439
FRANCISCO UNDURRAGA GAZITUA,11,P,CHILE VAMOS,EVOLUCION POLITICA,58666
FRANCISCO VALDES REYES,14,G,FRENTE AMPLIO,IGUALDAD,4395
FRANCYS FOIX FUENTEALBA,10,N,LA FUERZA DE LA MAYORIA,SOCIALISTA DE CHILE,2228
FRANK SAUERBAUM MUÃ‘OZ,19,P,CHILE VAMOS,RENOVACION NACIONAL,18107
FREDDY CRISTIAN ANTILEF LEIVA,3,G,FRENTE AMPLIO,PODER,823
FREDDY MARCOS ARANEDA BARAHONA,2,R,CANDIDATURA INDEPENDIENTE,CANDIDATURA INDEPENDIENTE,3746
GABRIEL SILBER ROMO,8,O,CONVERGENCIA DEMOCRATICA,DEMOCRATA CRISTIANO,29205
GABRIEL ARANGUIZ BALLESTEROS,6,B,POR TODO CHILE,PROGRESISTA,4203
GABRIEL BORIC FONT,28,G,FRENTE AMPLIO,INDEPENDIENTE HUMANISTA,18626
GABRIEL CABALLERO BERRIOS,5,H,SUMEMOS,INDEPENDIENTE AMPLITUD,407
GABRIEL ENRIQUE ALBISTUR GOMEZ,20,O,CONVERGENCIA DEMOCRATICA,INDEPENDIENTE MAS REGION,2763
GABRIEL ESTEBAN BRAVO MUÃ‘OZ,13,G,FRENTE AMPLIO,IGUALDAD,3673
GABRIEL HECTOR ASCENCIO MANSILLA,26,O,CONVERGENCIA DEMOCRATICA,DEMOCRATA CRISTIANO,9326
GABRIEL TORRES HERMOSILLA,20,P,CHILE VAMOS,RENOVACION NACIONAL,8434
GABRIELA TORRES PINCHEIRA,17,G,FRENTE AMPLIO,INDEPENDIENTE LIBERAL DE CHILE,1518
GABRIELA CARRASCO TOBAR,8,N,LA FUERZA DE LA MAYORIA,SOCIALISTA DE CHILE,13782
GABRIELA MONSALVEZ ROJAS,2,P,CHILE VAMOS,REGIONALISTA INDEPENDIENTE,904
GAEL FERNANDA YEOMANS ARAYA,13,G,FRENTE AMPLIO,REVOLUCION DEMOCRATICA,13721
GALIA AGUILERA CABALLERO,3,D,PARTIDO DE TRABAJADORES REVOLUCIONARIOS,DE TRABAJADORES REVOLUCIONARIOS,1475
GASPAR ORTIZ CARDENAS,13,M,UNION PATRIOTICA,UNION PATRIOTICA,1020
GASTON SAAVEDRA CHANDIA,20,N,LA FUERZA DE LA MAYORIA,SOCIALISTA DE CHILE,30557
GASTON VON MUHLENBROCK ZAMORA,24,P,CHILE VAMOS,UNION DEMOCRATA INDEPENDIENTE,12542
GENARO MALDONADO PALMA,17,B,POR TODO CHILE,PROGRESISTA,825
GEOCONDA NAVARRETE ARRATIA,27,P,CHILE VAMOS,EVOLUCION POLITICA,1471
GEORGINA MARIA VILLABLANCA MARTINEZ,13,O,CONVERGENCIA DEMOCRATICA,DEMOCRATA CRISTIANO,1952
GERMAN RODRIGO CARTES OYARZO,25,G,FRENTE AMPLIO,INDEPENDIENTE PODER,1913
GERMAN VERDUGO SOTO,17,P,CHILE VAMOS,INDEPENDIENTE UNION DEMOCRATA INDEPENDIENTE,14528
GIGLIOLA ELINA CENTONZIO ROSSEL,7,N,LA FUERZA DE LA MAYORIA,RADICAL SOCIALDEMOCRATA,1255
GINA MARIA HIDALGO CANCINO,19,N,LA FUERZA DE LA MAYORIA,SOCIALISTA DE CHILE,3696
GIORGIO JACKSON DRAGO,10,G,FRENTE AMPLIO,REVOLUCION DEMOCRATICA,103523
GIOVANNI CALDERON BASSI,6,P,CHILE VAMOS,UNION DEMOCRATA INDEPENDIENTE,2873
GLADYS LORENA PALMA VALLEJOS,12,B,POR TODO CHILE,PROGRESISTA,2116
GLORIA ANGELICA GALLARDO VOSS,12,M,UNION PATRIOTICA,UNION PATRIOTICA,1347
GLORIA NAVEILLAN ARRIAGADA,22,P,CHILE VAMOS,UNION DEMOCRATA INDEPENDIENTE,1749
GLORIA PATRICIA GONZALEZ SAEZ,26,N,LA FUERZA DE LA MAYORIA,POR LA DEMOCRACIA,2730
GONZALO FUENZALIDA FIGUEROA,11,P,CHILE VAMOS,RENOVACION NACIONAL,60132
GONZALO MONTERO VIVEROS,17,P,CHILE VAMOS,RENOVACION NACIONAL,11383
GONZALO EDUARDO JARA ESPINOZA,18,H,SUMEMOS,CIUDADANOS,1247
GONZALO NAVARRETE MUÃ‘OZ,9,N,LA FUERZA DE LA MAYORIA,POR LA DEMOCRACIA,13322
GONZALO VALENZUELA OYARZO,26,B,POR TODO CHILE,PROGRESISTA,1923
GONZALO WINTER ETCHEBERRY,10,G,FRENTE AMPLIO,REVOLUCION DEMOCRATICA,5237
GRACIELA FILOMENA ISLA PEREZ,15,G,FRENTE AMPLIO,INDEPENDIENTE HUMANISTA,2578
GRACIELA HAYDEE SUAREZ PEREZ,19,O,CONVERGENCIA DEMOCRATICA,DEMOCRATA CRISTIANO,1812
GRACIELA TORRES INOSTROZA,17,O,CONVERGENCIA DEMOCRATICA,DEMOCRATA CRISTIANO,1365
GREGORIO DE LA MAZA LARRAIN,22,P,CHILE VAMOS,UNION DEMOCRATA INDEPENDIENTE,6859
GREMIDIA ESTELA SAGARDIA ARIAS,8,B,POR TODO CHILE,INDEPENDIENTE PROGRESISTA,1156
GUIDO GONZALEZ VALENZUELA,9,M,UNION PATRIOTICA,UNION PATRIOTICA,1216
GUIDO MIRANDA ROJAS,15,M,UNION PATRIOTICA,UNION PATRIOTICA,916
GUILLERMO ARAVENA MONDACA,13,M,UNION PATRIOTICA,UNION PATRIOTICA,1707
GUILLERMO RAMIREZ DIEZ,11,P,CHILE VAMOS,UNION DEMOCRATA INDEPENDIENTE,30731
GUILLERMO ARTURO CERONI FUENTES,18,N,LA FUERZA DE LA MAYORIA,POR LA DEMOCRACIA,8319
GUILLERMO ISMAEL ALLENDE GONZALEZ,23,B,POR TODO CHILE,PAIS,2049
GUILLERMO JARAMILLO SALAZAR,22,N,LA FUERZA DE LA MAYORIA,POR LA DEMOCRACIA,7619
GUILLERMO TEILLIER DEL VALLE,13,N,LA FUERZA DE LA MAYORIA,COMUNISTA DE CHILE,28798
GUSTAVO ALESSANDRI BALMACEDA,6,P,CHILE VAMOS,INDEPENDIENTE UNION DEMOCRATA INDEPENDIENTE,9893
GUSTAVO SALVO PEREIRA,25,N,LA FUERZA DE LA MAYORIA,INDEPENDIENTE POR LA DEMOCRACIA,5427
GUSTAVO SANHUEZA DUEÃ‘AS,19,P,CHILE VAMOS,UNION DEMOCRATA INDEPENDIENTE,15680
HARRY ROBLEDO CORTES,3,H,SUMEMOS,AMPLITUD,562
HARRY JURGENSEN RUNDSHAGEN,25,P,CHILE VAMOS,RENOVACION NACIONAL,20531
HECTOR MERIDA CESPEDES,1,G,FRENTE AMPLIO,INDEPENDIENTE IGUALDAD,349
HECTOR TICUNA VILCA,2,H,SUMEMOS,AMPLITUD,758
HECTOR ALEJANDRO ZAMORA GARCIA,4,B,POR TODO CHILE,INDEPENDIENTE PROGRESISTA,1194
HECTOR HERMOGENES RIVEROS VIDAL,1,O,CONVERGENCIA DEMOCRATICA,DEMOCRATA CRISTIANO,344
HECTOR LEONARDO AGUILERA MAYORGA,26,K,COALICION REGIONALISTA VERDE,DEMOCRACIA REGIONAL PATAGONICA,848
HELGA NEUMANN CALISTO,28,P,CHILE VAMOS,EVOLUCION POLITICA,279
HENRY BERNARD VARAS CONCHA,17,N,LA FUERZA DE LA MAYORIA,POR LA DEMOCRACIA,1267
HENRY LEAL BIZAMA,23,P,CHILE VAMOS,UNION DEMOCRATA INDEPENDIENTE,11724
HERNAN JOSE MANUEL URRUTIA MILLAS,24,H,SUMEMOS,CIUDADANOS,799
HERNAN ORLANDO PINO SEGUEL,20,B,POR TODO CHILE,PROGRESISTA,2622
HILDA HORTA RIVERA,23,O,CONVERGENCIA DEMOCRATICA,DEMOCRATA CRISTIANO,2524
HORACIO BORQUEZ CONTI,19,P,CHILE VAMOS,RENOVACION NACIONAL,1904
HUGO GUTIERREZ GALVEZ,2,N,LA FUERZA DE LA MAYORIA,COMUNISTA DE CHILE,14332
HUGO REY MARTINEZ,17,P,CHILE VAMOS,RENOVACION NACIONAL,20517
HUGO CIPRIANO NORAMBUENA RODRIGUEZ,8,B,POR TODO CHILE,PROGRESISTA,1505
HUGO GUIÃ‘EZ MARDONES,19,H,SUMEMOS,AMPLITUD,1193
HUMBERTO SANHUEZA BARRIGA,9,O,CONVERGENCIA DEMOCRATICA,DEMOCRATA CRISTIANO,3861
IGNACIO LEON CUEVAS,3,P,CHILE VAMOS,INDEPENDIENTE EVOLUCION POLITICA,2418
IGNACIO URRUTIA BONILLA,18,P,CHILE VAMOS,UNION DEMOCRATA INDEPENDIENTE,17739
IGOR CONTRERAS JERIA,6,H,SUMEMOS,AMPLITUD,655
INTI ELEODORO SALAMANCA FERNANDEZ,4,G,FRENTE AMPLIO,PODER,6231
IRMA DEL CARMEN TRONCOSO SAAVEDRA,7,N,LA FUERZA DE LA MAYORIA,RADICAL SOCIALDEMOCRATA,1320
IRMA EDITH PEREZ LLANQUIN,13,G,FRENTE AMPLIO,ECOLOGISTA VERDE,11602
ISABEL MARGARITA LABBE MARTINEZ,14,P,CHILE VAMOS,UNION DEMOCRATA INDEPENDIENTE,1575
ISSA KORT GARRIGA,15,P,CHILE VAMOS,UNION DEMOCRATA INDEPENDIENTE,16773
IVAN CERDA ZUÃ‘IGA,23,H,SUMEMOS,AMPLITUD,1421
IVAN FIGUEROA LLONA,1,G,FRENTE AMPLIO,HUMANISTA,927
IVAN SEPULVEDA SEPULVEDA,17,G,FRENTE AMPLIO,HUMANISTA,2013
IVAN ALBERTO FLORES GARCIA,24,O,CONVERGENCIA DEMOCRATICA,DEMOCRATA CRISTIANO,13242
IVAN FUENTES CASTILLO,13,O,CONVERGENCIA DEMOCRATICA,DEMOCRATA CRISTIANO,6642
IVAN MORAN MORAN,17,G,FRENTE AMPLIO,LIBERAL DE CHILE,3269
IVAN NORAMBUENA FARIAS,21,P,CHILE VAMOS,UNION DEMOCRATA INDEPENDIENTE,33261
IVAN PAREDES FIERRO,1,N,LA FUERZA DE LA MAYORIA,INDEPENDIENTE SOCIALISTA DE CHILE,5151
IVAN ROBERTO ROJAS OVANDO,7,B,POR TODO CHILE,INDEPENDIENTE PROGRESISTA,1477
IVON GUERRA AGUILERA,5,P,CHILE VAMOS,UNION DEMOCRATA INDEPENDIENTE,4272
IVONNE CECILIA SAN LUIS GONZALEZ,17,B,POR TODO CHILE,INDEPENDIENTE PAIS,1430
IVONNE LECAROS SANDOVAL,26,G,FRENTE AMPLIO,INDEPENDIENTE LIBERAL DE CHILE,1677
IVONNE MANGELSDORFF GALEB,15,P,CHILE VAMOS,RENOVACION NACIONAL,2426
JACQUELINE GUIÃ‘EZ NUÃ‘EZ,19,P,CHILE VAMOS,RENOVACION NACIONAL,10023
JAIME BELLOLIO AVARIA,14,P,CHILE VAMOS,UNION DEMOCRATA INDEPENDIENTE,32044
JAIME NARANJO ORTIZ,18,N,LA FUERZA DE LA MAYORIA,SOCIALISTA DE CHILE,13390
JAIME ARAYA GUERRERO,3,N,LA FUERZA DE LA MAYORIA,INDEPENDIENTE POR LA DEMOCRACIA,8997
JAIME ENRIQUE FERNANDEZ MADRID,5,G,FRENTE AMPLIO,IGUALDAD,1221
JAIME FRANCISCO ESCUDERO RAMOS,12,N,LA FUERZA DE LA MAYORIA,POR LA DEMOCRACIA,4820
JAIME FUENTEALBA MALDONADO,13,N,LA FUERZA DE LA MAYORIA,SOCIALISTA DE CHILE,3169
JAIME MULET MARTINEZ,4,K,COALICION REGIONALISTA VERDE,FEDERACION REGIONALISTA VERDE SOCIAL,9393
JAIME ROBERTO ESPINOZA TOBAR,7,H,SUMEMOS,AMPLITUD,540
JAIME TOHA GONZALEZ,20,N,LA FUERZA DE LA MAYORIA,SOCIALISTA DE CHILE,8145
JANETT SHIRLEY GUERRA ABURTO,3,B,POR TODO CHILE,INDEPENDIENTE PROGRESISTA,1692
JAVIER HERNANDEZ HERNANDEZ,25,P,CHILE VAMOS,UNION DEMOCRATA INDEPENDIENTE,16367
JAVIER MACAYA DANUS,15,P,CHILE VAMOS,UNION DEMOCRATA INDEPENDIENTE,25219
JAVIER MALDONADO CORREA,6,P,CHILE VAMOS,EVOLUCION POLITICA,2911
JAVIERA OLIVARES MARDONES,10,N,LA FUERZA DE LA MAYORIA,COMUNISTA DE CHILE,6027
JAVIERA PAZ ARIAS GUTIERREZ,24,H,SUMEMOS,CIUDADANOS,636
JAVIERA PAZ REYES JARA,13,N,LA FUERZA DE LA MAYORIA,COMUNISTA DE CHILE,4014
JAVIERA TOLEDO MUÃ‘OZ,6,G,FRENTE AMPLIO,PODER,6296
JEAN PIERRE GUTIERREZ ECHEVERRIA,7,M,UNION PATRIOTICA,UNION PATRIOTICA,608
JEANNE KATHERINE CROOCKER VILLA,6,H,SUMEMOS,AMPLITUD,826
JENNIFER VIOLETA LEIVA LABARCA,7,O,CONVERGENCIA DEMOCRATICA,INDEPENDIENTE DEMOCRATA CRISTIANO,1494
JENNY ALVAREZ VERA,26,N,LA FUERZA DE LA MAYORIA,SOCIALISTA DE CHILE,10162
JENNY BEATRIZ RIVERA MUÃ‘OZ,22,G,FRENTE AMPLIO,HUMANISTA,2220
JESSICA ANDREA TORRES BORQUEZ,27,K,COALICION REGIONALISTA VERDE,INDEPENDIENTE DEMOCRACIA REGIONAL PATAGONICA,256
JOANNA PEREZ OLEA,21,O,CONVERGENCIA DEMOCRATICA,DEMOCRATA CRISTIANO,12035
JOAQUIN LAVIN LEON,8,P,CHILE VAMOS,UNION DEMOCRATA INDEPENDIENTE,75973
JOAQUIN ARDUENGO NAREDO,15,G,FRENTE AMPLIO,HUMANISTA,2080
JOEL ANDRES GONZALEZ VEGA,6,G,FRENTE AMPLIO,INDEPENDIENTE HUMANISTA,7069
JOHANNA DUARTE NARVAEZ,11,B,POR TODO CHILE,PROGRESISTA,435
JOHN PARADA MONTERO,7,G,FRENTE AMPLIO,HUMANISTA,10240
JOHN MARTINEZ GALLARDO,4,K,COALICION REGIONALISTA VERDE,FEDERACION REGIONALISTA VERDE SOCIAL,590
JORGE BRITO HASBUN,7,G,FRENTE AMPLIO,REVOLUCION DEMOCRATICA,13289
JORGE CASTRO MUÃ‘OZ,7,P,CHILE VAMOS,UNION DEMOCRATA INDEPENDIENTE,17684
JORGE COULON LARRAÃ‘AGA,7,N,LA FUERZA DE LA MAYORIA,COMUNISTA DE CHILE,12901
JORGE FREI TOLEDO,15,O,CONVERGENCIA DEMOCRATICA,DEMOCRATA CRISTIANO,2947
JORGE HIDALGO HIDALGO,4,N,LA FUERZA DE LA MAYORIA,POR LA DEMOCRACIA,2090
JORGE RATHGEB SCHIFFERLI,22,P,CHILE VAMOS,RENOVACION NACIONAL,21594
JORGE RAULD GONZALEZ,7,G,FRENTE AMPLIO,IGUALDAD,14123
JORGE ADRIAN MONSALVE VARGAS,5,K,COALICION REGIONALISTA VERDE,INDEPENDIENTE FEDERACION REGIONALISTA VERDE SOCIAL,427
JORGE ALBERTO ARROYO SALGADO,10,B,POR TODO CHILE,INDEPENDIENTE PROGRESISTA,913
JORGE ALESSANDRI VERGARA,10,P,CHILE VAMOS,UNION DEMOCRATA INDEPENDIENTE,30833
JORGE ARAVENA EGAÃ‘A,12,M,UNION PATRIOTICA,UNION PATRIOTICA,779
JORGE BUSTOS MELLADO,21,G,FRENTE AMPLIO,ECOLOGISTA VERDE,3059
JORGE CALDERON NUÃ‘EZ,27,N,LA FUERZA DE LA MAYORIA,RADICAL SOCIALDEMOCRATA,3098
JORGE CESPEDES POZO,17,N,LA FUERZA DE LA MAYORIA,SOCIALISTA DE CHILE,7486
JORGE DURAN ESPINOZA,9,P,CHILE VAMOS,RENOVACION NACIONAL,19421
JORGE EDUARDO AGUAYO CERRO,20,B,POR TODO CHILE,PAIS,1107
JORGE EDUARDO ROSALES VARGAS,9,G,FRENTE AMPLIO,ECOLOGISTA VERDE,9087
JORGE EDUARDO SABAG VILLALOBOS,19,O,CONVERGENCIA DEMOCRATICA,DEMOCRATA CRISTIANO,28995
JORGE EMILIO PAREDES LEIVA,28,K,COALICION REGIONALISTA VERDE,INDEPENDIENTE DEMOCRACIA REGIONAL PATAGONICA,314
JORGE ESTAY OLGUIN,7,M,UNION PATRIOTICA,UNION PATRIOTICA,1671
JORGE GONZALEZ CASTILLO,21,N,LA FUERZA DE LA MAYORIA,COMUNISTA DE CHILE,2936
JORGE RENAULT MANRIQUEZ,7,M,UNION PATRIOTICA,UNION PATRIOTICA,657
JORGE RENE TEJEDA ROA,25,H,SUMEMOS,INDEPENDIENTE CIUDADANOS,3378
JORGE RUBEN CANALES GATICA,7,G,FRENTE AMPLIO,PODER,1898
JORGE ULLOA AGUILLON,20,P,CHILE VAMOS,UNION DEMOCRATA INDEPENDIENTE,15429
JOSE ANCALAO GAVILAN,23,G,FRENTE AMPLIO,HUMANISTA,3467
JOSE EGIDO ARRIOLA,7,P,CHILE VAMOS,RENOVACION NACIONAL,7966
JOSE SEGURA DIAZ,26,P,CHILE VAMOS,RENOVACION NACIONAL,4957
JOSE ALEXIS LARA FLORES,20,O,CONVERGENCIA DEMOCRATICA,MAS REGION,850
JOSE ANSELMO HIDALGO ZAMORA,12,G,FRENTE AMPLIO,INDEPENDIENTE PODER,2928
JOSE ANTONIO HENRIQUEZ MUÃ‘IZ,12,B,POR TODO CHILE,PROGRESISTA,1710
JOSE CAMPOS VELIZ,4,B,POR TODO CHILE,INDEPENDIENTE PROGRESISTA,688
JOSE FRANCISCO MONTALVA FEUERHAKE,23,N,LA FUERZA DE LA MAYORIA,POR LA DEMOCRACIA,13705
JOSE GREGORIO ARGOMEDO SERRE,16,B,POR TODO CHILE,PROGRESISTA,563
JOSE IGNACIO DIAZ MALDONADO,4,O,CONVERGENCIA DEMOCRATICA,MAS REGION,178
JOSE LUIS GUZMAN FERNANDEZ,19,G,FRENTE AMPLIO,INDEPENDIENTE IGUALDAD,2106
JOSE LUIS STARK AGUILERA,14,B,POR TODO CHILE,PROGRESISTA,1669
JOSE MANUEL ARAYA ARAYA,17,B,POR TODO CHILE,PAIS,1128
JOSE MANUEL SANTANA ABURTO,25,B,POR TODO CHILE,INDEPENDIENTE PROGRESISTA,1012
JOSE MIGUEL CASTRO BASCUÃ‘AN,3,P,CHILE VAMOS,RENOVACION NACIONAL,5183
JOSE MIGUEL ORTIZ NOVOA,20,O,CONVERGENCIA DEMOCRATICA,DEMOCRATA CRISTIANO,29496
JOSE PEREZ ARRIAGADA,21,N,LA FUERZA DE LA MAYORIA,RADICAL SOCIALDEMOCRATA,27066
JOSE ROBERTO ABURTO BARRIA,26,K,COALICION REGIONALISTA VERDE,DEMOCRACIA REGIONAL PATAGONICA,5035
JOVINESSA MUJICA MARTINEZ,19,G,FRENTE AMPLIO,HUMANISTA,1123
JUAN ANTONIO COLOMA ALAMOS,14,P,CHILE VAMOS,UNION DEMOCRATA INDEPENDIENTE,35779
JUAN ANTONIO PEREZ MARIN,4,P,CHILE VAMOS,UNION DEMOCRATA INDEPENDIENTE,816
JUAN BENEDICTO MACAYA MIRANDA,21,O,CONVERGENCIA DEMOCRATICA,DEMOCRATA CRISTIANO,1650
JUAN CARLOS LATORRE CARMONA,16,O,CONVERGENCIA DEMOCRATICA,DEMOCRATA CRISTIANO,10708
JUAN CARLOS MELENDEZ MACKENZIE,4,N,LA FUERZA DE LA MAYORIA,RADICAL SOCIALDEMOCRATA,5347
JUAN CARLOS OLMOS CASTRO,15,O,CONVERGENCIA DEMOCRATICA,INDEPENDIENTE IZQUIERDA CIUDADANA DE CHILE,2676
JUAN CARLOS SANTIBAÃ‘EZ NORAMBUENA,10,G,FRENTE AMPLIO,INDEPENDIENTE ECOLOGISTA VERDE,1373
JUAN CARLOS TOBAR SALA,24,O,CONVERGENCIA DEMOCRATICA,DEMOCRATA CRISTIANO,1067
JUAN DOMINGO VILLAVICENCIO PASTEN,14,G,FRENTE AMPLIO,HUMANISTA,2686
JUAN ENRIQUE MORANO CORNEJO,28,O,CONVERGENCIA DEMOCRATICA,DEMOCRATA CRISTIANO,3718
JUAN ENRIQUE NORAMBUENA MATUS,17,N,LA FUERZA DE LA MAYORIA,RADICAL SOCIALDEMOCRATA,3031
JUAN ENRIQUE SOTO ROJAS,7,M,UNION PATRIOTICA,UNION PATRIOTICA,346
JUAN FRANCISCO CHODIMAN TORRES,22,O,CONVERGENCIA DEMOCRATICA,DEMOCRATA CRISTIANO,1600
JUAN FRANCISCO PULGAR CASTILLO,17,H,SUMEMOS,INDEPENDIENTE CIUDADANOS,4536
JUAN HERNANDEZ MARTINEZ,8,M,UNION PATRIOTICA,UNION PATRIOTICA,916
JUAN HERRERA FUENTES,17,G,FRENTE AMPLIO,INDEPENDIENTE LIBERAL DE CHILE,1658
JUAN JOSE ARCOS SRDANOVIC,28,P,CHILE VAMOS,REGIONALISTA INDEPENDIENTE,4220
JUAN LUIS CASTRO GONZALEZ,15,N,LA FUERZA DE LA MAYORIA,SOCIALISTA DE CHILE,17849
JUAN MANUEL ANTONIO DIAZ MICHEA,4,G,FRENTE AMPLIO,PODER,648
JUAN MANUEL CASAS QUINTRIQUEO,13,B,POR TODO CHILE,INDEPENDIENTE PROGRESISTA,915
JUAN MANUEL FUENZALIDA COBO,5,P,CHILE VAMOS,UNION DEMOCRATA INDEPENDIENTE,4331
JUAN MANUEL MANCILLA CARDENAS,28,G,FRENTE AMPLIO,INDEPENDIENTE HUMANISTA,554
JUAN MARROQUIN GUZMAN,2,N,LA FUERZA DE LA MAYORIA,POR LA DEMOCRACIA,1814
JUAN PABLO PAONESSA BARRIA,7,G,FRENTE AMPLIO,HUMANISTA,4785
JUAN RUBEN SANTANA CASTILLO,4,N,LA FUERZA DE LA MAYORIA,SOCIALISTA DE CHILE,6245
JUANA SILVA MUÃ‘OZ,14,P,CHILE VAMOS,INDEPENDIENTE UNION DEMOCRATA INDEPENDIENTE,1426
JULIA TORRES MATAMALA,19,N,LA FUERZA DE LA MAYORIA,INDEPENDIENTE RADICAL SOCIALDEMOCRATA,2131
JULIA URQUIETA OLIVARES,10,N,LA FUERZA DE LA MAYORIA,COMUNISTA DE CHILE,6459
JULIAN ALCAYAGA OLIVARES,10,B,POR TODO CHILE,INDEPENDIENTE PROGRESISTA,786
JULIO IBARRA MALDONADO,16,P,CHILE VAMOS,RENOVACION NACIONAL,7900
JULIO ENRIQUE MADRID FUENTES,11,O,CONVERGENCIA DEMOCRATICA,DEMOCRATA CRISTIANO,6672
JULIO ISAMIT DIAZ,10,P,CHILE VAMOS,INDEPENDIENTE UNION DEMOCRATA INDEPENDIENTE,10680
JULIO MOISES ZAPATA RODRIGUEZ,5,B,POR TODO CHILE,PROGRESISTA,1183
JULIO OMAR LOBOS LOBOS,6,B,POR TODO CHILE,INDEPENDIENTE PROGRESISTA,3977
KAREN PICHUNANTE CANSECO,7,H,SUMEMOS,AMPLITUD,2341
KARIM ANTONIO BIANCHI RETAMALES,28,N,LA FUERZA DE LA MAYORIA,INDEPENDIENTE RADICAL SOCIALDEMOCRATA,4190
KARIN LUCK URBAN,11,P,CHILE VAMOS,RENOVACION NACIONAL,6879
KARIN RODRIGO BELMAR GUZMAN,15,G,FRENTE AMPLIO,REVOLUCION DEMOCRATICA,5498
KARINA DELFINO MUSSA,9,N,LA FUERZA DE LA MAYORIA,SOCIALISTA DE CHILE,7505
KARINA LORETTA OLIVA PEREZ,12,G,FRENTE AMPLIO,PODER,5625
KARLA JAÃ‘A VALENZUELA,12,P,CHILE VAMOS,UNION DEMOCRATA INDEPENDIENTE,1720
KARLA ANDREA MUÃ‘OZ RAMIREZ,20,O,CONVERGENCIA DEMOCRATICA,DEMOCRATA CRISTIANO,4138
KARLA BENAVIDES HENRIQUEZ,25,O,CONVERGENCIA DEMOCRATICA,DEMOCRATA CRISTIANO,5875
KAROL CARIOLA OLIVA,9,N,LA FUERZA DE LA MAYORIA,COMUNISTA DE CHILE,50446
KASSANDRA TABATTA MUÃ‘OZ AVILA,25,K,COALICION REGIONALISTA VERDE,DEMOCRACIA REGIONAL PATAGONICA,512
KATHERINE ARAYA MATUS,7,N,LA FUERZA DE LA MAYORIA,POR LA DEMOCRACIA,4587
KATHERINE MARTORELL AWAD,9,P,CHILE VAMOS,RENOVACION NACIONAL,8644
KATHERINE ROJAS PEÃ‘AILILLO,16,M,UNION PATRIOTICA,UNION PATRIOTICA,1058
KIMBERLY GREDY SEGUEL VILLAGRAN,9,G,FRENTE AMPLIO,PODER,2870
KURT HORTA CACERES,23,P,CHILE VAMOS,UNION DEMOCRATA INDEPENDIENTE,3131
LAURA SAN CRISTOBAL VASQUEZ,23,P,CHILE VAMOS,RENOVACION NACIONAL,1539
LEONARDO CONTRERAS NEIRA,7,H,SUMEMOS,AMPLITUD,1727
LEONARDO SOTO FERRADA,14,N,LA FUERZA DE LA MAYORIA,SOCIALISTA DE CHILE,22170
LEONIDAS ROMERO SAEZ,20,P,CHILE VAMOS,RENOVACION NACIONAL,11414
LEOPOLDO PEREZ LAHSEN,12,P,CHILE VAMOS,RENOVACION NACIONAL,29984
LESLIE DIAZ SILVA,15,M,UNION PATRIOTICA,UNION PATRIOTICA,354
LILIAN DEL CARMEN QUILAQUEO SOZA,11,B,POR TODO CHILE,PROGRESISTA,932
LILIAN KARINA CANCINO HENRIQUEZ,18,G,FRENTE AMPLIO,REVOLUCION DEMOCRATICA,1803
LILIAN TAMARA UNDA ESCALONA,17,H,SUMEMOS,INDEPENDIENTE CIUDADANOS,971
LILY OÃ‘ATE MUÃ‘OZ,20,N,LA FUERZA DE LA MAYORIA,RADICAL SOCIALDEMOCRATA,2295
LISETTE HEDWIG BOSSHARD PEÃ‘A,16,K,COALICION REGIONALISTA VERDE,FEDERACION REGIONALISTA VERDE SOCIAL,490
LISSETTE GODOY ANTIQUEO,23,G,FRENTE AMPLIO,INDEPENDIENTE HUMANISTA,2138
LIZET DE LOS ANGELES BRIONES PEREZ,6,G,FRENTE AMPLIO,INDEPENDIENTE PODER,2609
LORENA ARELLANO NAVARRO,18,B,POR TODO CHILE,PROGRESISTA,1388
LORENA JIMENEZ WATT,1,P,CHILE VAMOS,REGIONALISTA INDEPENDIENTE,720
LORENA PATRICIA BUSTAMANTE MEDINA,12,N,LA FUERZA DE LA MAYORIA,RADICAL SOCIALDEMOCRATA,2197
LORENA PIZARRO SIERRA,8,N,LA FUERZA DE LA MAYORIA,COMUNISTA DE CHILE,12137
LORETO SEGUEL KING,13,P,CHILE VAMOS,INDEPENDIENTE EVOLUCION POLITICA,8502
LORETO LETELIER BARRERA,9,P,CHILE VAMOS,UNION DEMOCRATA INDEPENDIENTE,2002
LORETO MUÃ‘OZ GUTIERREZ,20,G,FRENTE AMPLIO,HUMANISTA,3778
LUCAS BLASET PEREZ,7,H,SUMEMOS,AMPLITUD,491
LUCIA RIVERA HAUENSTEIN,11,M,UNION PATRIOTICA,UNION PATRIOTICA,561
LUCIANO CRUZ-COKE CARVALLO,10,P,CHILE VAMOS,EVOLUCION POLITICA,38143
LUIS ABARCA AZOCAR,25,R,CANDIDATURA INDEPENDIENTE,CANDIDATURA INDEPENDIENTE,2572
LUIS LEMUS ARACENA,5,N,LA FUERZA DE LA MAYORIA,SOCIALISTA DE CHILE,10469
LUIS QUIJADA LLANCAS,7,M,UNION PATRIOTICA,UNION PATRIOTICA,523
LUIS ACEVEDO QUINTANILLA,13,O,CONVERGENCIA DEMOCRATICA,DEMOCRATA CRISTIANO,1443
LUIS ALBERTO ACUÃ‘A CASTILLO,4,G,FRENTE AMPLIO,INDEPENDIENTE PODER,1087
LUIS CAMPOS LEAL,23,O,CONVERGENCIA DEMOCRATICA,DEMOCRATA CRISTIANO,3879
LUIS CAPRIOGLIO RABELLO,3,N,LA FUERZA DE LA MAYORIA,SOCIALISTA DE CHILE,5667
LUIS FELIPE VERGARA MALDONADO,26,H,SUMEMOS,CIUDADANOS,403
LUIS GUILLERMO SCHWAIGER RIVERA,24,B,POR TODO CHILE,INDEPENDIENTE PROGRESISTA,935
LUIS LARRAIN STIEB,10,P,CHILE VAMOS,INDEPENDIENTE EVOLUCION POLITICA,8303
LUIS MARIANO RENDON ESCOBAR,12,G,FRENTE AMPLIO,INDEPENDIENTE PODER,2416
LUIS PARDO SAINZ,6,P,CHILE VAMOS,RENOVACION NACIONAL,15725
LUIS ROCAFULL LOPEZ,1,N,LA FUERZA DE LA MAYORIA,SOCIALISTA DE CHILE,6430
LUIS SOTO PEREZ,6,G,FRENTE AMPLIO,IGUALDAD,4736
LUISA PARRA CASTRO,11,M,UNION PATRIOTICA,UNION PATRIOTICA,706
MABEL LUCILA ZUÃ‘IGA VALENCIA,7,G,FRENTE AMPLIO,INDEPENDIENTE REVOLUCION DEMOCRATICA,9268
MACARENA DONOSO ROJAS,13,P,CHILE VAMOS,RENOVACION NACIONAL,14865
MACARENA PARRA PARRA,8,M,UNION PATRIOTICA,UNION PATRIOTICA,1238
MACARENA ALEJANDRA AGUSTO RODRIGUEZ,20,O,CONVERGENCIA DEMOCRATICA,MAS REGION,800
MACARENA ZAPATA MARMOLEJO,16,O,CONVERGENCIA DEMOCRATICA,INDEPENDIENTE DEMOCRATA CRISTIANO,1243
MAGALLANES ESPINOSA BERTRAN,5,G,FRENTE AMPLIO,REVOLUCION DEMOCRATICA,4478
MAITE ORSINI PASCAL,9,G,FRENTE AMPLIO,REVOLUCION DEMOCRATICA,21814
MANUEL SANCHEZ LOYOLA,2,H,SUMEMOS,INDEPENDIENTE TODOS,432
MANUEL ANTONIO CARDENAS CANCINO,6,H,SUMEMOS,AMPLITUD,995
MANUEL DAVID LOPEZ CARTES,20,B,POR TODO CHILE,PROGRESISTA,1234
MANUEL EDUARDO BELLO NUÃ‘EZ,19,N,LA FUERZA DE LA MAYORIA,POR LA DEMOCRACIA,11114
MANUEL ENRIQUE MUÃ‘OZ PALACIOS,8,B,POR TODO CHILE,PROGRESISTA,2229
MANUEL JOSE MATTA ARAGAY,18,O,CONVERGENCIA DEMOCRATICA,DEMOCRATA CRISTIANO,12825
MANUEL MONSALVE BENAVIDES,21,N,LA FUERZA DE LA MAYORIA,SOCIALISTA DE CHILE,19632
MANUEL RIESCO LARRAIN,6,N,LA FUERZA DE LA MAYORIA,COMUNISTA DE CHILE,3237
MANUELA ALEJANDRA VELOSO DORNER,11,G,FRENTE AMPLIO,INDEPENDIENTE REVOLUCION DEMOCRATICA,6451
MARCELA SABAT FERNANDEZ,10,P,CHILE VAMOS,RENOVACION NACIONAL,54630
MARCELA ALEJANDRA GARRIDO ISLA,24,H,SUMEMOS,INDEPENDIENTE CIUDADANOS,561
MARCELA CANALES HIPP,12,O,CONVERGENCIA DEMOCRATICA,DEMOCRATA CRISTIANO,4191
MARCELA GEOVANNA CONCHA VILLANUEVA,8,N,LA FUERZA DE LA MAYORIA,INDEPENDIENTE RADICAL SOCIALDEMOCRATA,4158
MARCELA GUTIERREZ GARCES,6,P,CHILE VAMOS,INDEPENDIENTE EVOLUCION POLITICA,3074
MARCELA SANDOVAL OSORIO,8,G,FRENTE AMPLIO,REVOLUCION DEMOCRATICA,11927
MARCELA XIMENA HERNANDO PEREZ,3,N,LA FUERZA DE LA MAYORIA,RADICAL SOCIALDEMOCRATA,14817
MARCELA YAÃ‘EZ BRAVO,11,B,POR TODO CHILE,INDEPENDIENTE PROGRESISTA,987
MARCELO DIAZ DIAZ,7,N,LA FUERZA DE LA MAYORIA,SOCIALISTA DE CHILE,15265
MARCELO RIOSECO PAIS,17,G,FRENTE AMPLIO,HUMANISTA,2358
MARCELO OMAR CHAVEZ VELASQUEZ,20,O,CONVERGENCIA DEMOCRATICA,DEMOCRATA CRISTIANO,13853
MARCELO SCHILLING RODRIGUEZ,6,N,LA FUERZA DE LA MAYORIA,SOCIALISTA DE CHILE,20072
MARCELO VERA PAVEZ,14,B,POR TODO CHILE,INDEPENDIENTE PROGRESISTA,1024
MARCELO ZARA PIZARRO,1,P,CHILE VAMOS,EVOLUCION POLITICA,3366
MARCIA GONZALEZ NAVARRO,14,N,LA FUERZA DE LA MAYORIA,RADICAL SOCIALDEMOCRATA,3175
MARCIA ALEJANDRA SOTO DIAZ,13,B,POR TODO CHILE,INDEPENDIENTE PROGRESISTA,3117
MARCIA ISABEL WALL TORO,19,O,CONVERGENCIA DEMOCRATICA,DEMOCRATA CRISTIANO,862
MARCIA MILLAQUEO IBARRA,14,B,POR TODO CHILE,INDEPENDIENTE PROGRESISTA,1744
MARCIA TAPIA NAVIA,7,M,UNION PATRIOTICA,UNION PATRIOTICA,660
MARCOS ILABACA CERDA,24,N,LA FUERZA DE LA MAYORIA,SOCIALISTA DE CHILE,15739
MARCOS ANDRES ESPINOSA MONARDES,3,N,LA FUERZA DE LA MAYORIA,RADICAL SOCIALDEMOCRATA,6596
MARCOS ANTONIO MONTECINOS YAÃ‘EZ,7,B,POR TODO CHILE,PROGRESISTA,1606
MARGARITA LETELIER CORTES,19,P,CHILE VAMOS,UNION DEMOCRATA INDEPENDIENTE,14448
MARGARITA PEREZ VALDES,25,N,LA FUERZA DE LA MAYORIA,COMUNISTA DE CHILE,2085
MARGGORIE ZUMARAN OYANEDEL,6,B,POR TODO CHILE,PROGRESISTA,1378
MARIA ANGELICA ALVEAR MONTECINOS,24,G,FRENTE AMPLIO,HUMANISTA,1150
MARIA ANTONIETA ROJAS GONZALEZ,18,N,LA FUERZA DE LA MAYORIA,POR LA DEMOCRACIA,730
MARIA CAROLINA RIOS AYCAGUER,21,P,CHILE VAMOS,UNION DEMOCRATA INDEPENDIENTE,9672
MARIA EUGENIA PARRA TORO,8,M,UNION PATRIOTICA,UNION PATRIOTICA,835
MARIA GLADIS OYARZO ZUÃ‘IGA,26,B,POR TODO CHILE,PROGRESISTA,756
MARIA IGNACIA BUONO-CORE BARROILHET,25,H,SUMEMOS,INDEPENDIENTE TODOS,361
MARIA JOSE BECERRA MORO,12,N,LA FUERZA DE LA MAYORIA,SOCIALISTA DE CHILE,5442
MARIA JOSE HOFFMANN OPAZO,7,P,CHILE VAMOS,UNION DEMOCRATA INDEPENDIENTE,34690
MARIA JOSE LEIVA JOPIA,8,G,FRENTE AMPLIO,ECOLOGISTA VERDE,17893
MARIA JOSE LEVICOI OVANDO,25,K,COALICION REGIONALISTA VERDE,INDEPENDIENTE DEMOCRACIA REGIONAL PATAGONICA,257
MARIA JOSE RUBILAR ESCANDON,19,H,SUMEMOS,AMPLITUD,783
MARIA LORETO CARVAJAL AMBIADO,19,N,LA FUERZA DE LA MAYORIA,POR LA DEMOCRACIA,12734
MARIA MAGDALENA GONZALEZ REBOLLEDO,20,H,SUMEMOS,AMPLITUD,833
MARIA MARGARITA CRESPO URETA,15,G,FRENTE AMPLIO,REVOLUCION DEMOCRATICA,3901
MARIA ORIANA PEREZ BAEZ,26,H,SUMEMOS,CIUDADANOS,321
MARIA PATRICIA PASCUALES GUTIERREZ,26,K,COALICION REGIONALISTA VERDE,DEMOCRACIA REGIONAL PATAGONICA,606
MARIA SOLEDAD CASTILLO HENRIQUEZ,22,P,CHILE VAMOS,RENOVACION NACIONAL,1102
MARIA TERESA ALVAREZ AGUILAR,8,G,FRENTE AMPLIO,INDEPENDIENTE PODER,5919
MARIA TERESA HUALA MOLINA,16,G,FRENTE AMPLIO,INDEPENDIENTE REVOLUCION DEMOCRATICA,1443
MARIA TERESA LAVIN ALIAGA,12,P,CHILE VAMOS,UNION DEMOCRATA INDEPENDIENTE,4482
MARIA VERONICA SAAVEDRA HENRIQUEZ,18,B,POR TODO CHILE,PROGRESISTA,843
MARIANA CONCHA MUÃ‘OZ,15,M,UNION PATRIOTICA,UNION PATRIOTICA,421
MARIANELA HUENCHOR HUENCHOR,25,O,CONVERGENCIA DEMOCRATICA,DEMOCRATA CRISTIANO,2283
MARIANELLA BENAVIDES CARDENAS,6,G,FRENTE AMPLIO,HUMANISTA,8537
MARIBEL MARTINEZ LOPEZ,12,B,POR TODO CHILE,INDEPENDIENTE PROGRESISTA,1464
MARIEL FERNANDA TRIGO VALLEJOS,7,O,CONVERGENCIA DEMOCRATICA,INDEPENDIENTE DEMOCRATA CRISTIANO,1606
MARIELA BASUALTO AVALOS,2,O,CONVERGENCIA DEMOCRATICA,DEMOCRATA CRISTIANO,2588
MARIELLA VALDES AVILA,7,O,CONVERGENCIA DEMOCRATICA,DEMOCRATA CRISTIANO,4823
MARIO DESBORDES JIMENEZ,8,P,CHILE VAMOS,RENOVACION NACIONAL,17799
MARIO GEBAUER BRINGAS,14,N,LA FUERZA DE LA MAYORIA,POR LA DEMOCRACIA,9812
MARIO RIVAS SILVA,4,N,LA FUERZA DE LA MAYORIA,COMUNISTA DE CHILE,3795
MARIO SOTO BENAVIDES,7,N,LA FUERZA DE LA MAYORIA,INDEPENDIENTE POR LA DEMOCRACIA,2386
MARIO VARAS PIZARRO,4,G,FRENTE AMPLIO,REVOLUCION DEMOCRATICA,1304
MARIO ALEJANDRO JARA ESCOBAR,20,B,POR TODO CHILE,PROGRESISTA,1499
MARIO ARTIDORO VENEGAS CARDENAS,22,O,CONVERGENCIA DEMOCRATICA,DEMOCRATA CRISTIANO,14991
MARIO ENRIQUE ESQUIVEL LIZONDO,28,K,COALICION REGIONALISTA VERDE,INDEPENDIENTE DEMOCRACIA REGIONAL PATAGONICA,929
MARIO FAJARDO PEREZ,14,M,UNION PATRIOTICA,UNION PATRIOTICA,742
MARIO FRANCISCO PEREZ NAVARRO,6,N,LA FUERZA DE LA MAYORIA,RADICAL SOCIALDEMOCRATA,5606
MARIO HERNAN GONZALEZ REBOLLEDO,23,N,LA FUERZA DE LA MAYORIA,RADICAL SOCIALDEMOCRATA,4644
MARIO LUIS FUENTES ROMERO,6,O,CONVERGENCIA DEMOCRATICA,DEMOCRATA CRISTIANO,8009
MARISELA SANTIBAÃ‘EZ NOVOA,14,B,POR TODO CHILE,PROGRESISTA,35984
MARISOL CESPEDES AGUIRRE,5,G,FRENTE AMPLIO,REVOLUCION DEMOCRATICA,2950
MARISOL LUSDEMIA PINILLA VEJAR,27,H,SUMEMOS,CIUDADANOS,297
MARISOL MARTINEZ SANCHEZ,27,N,LA FUERZA DE LA MAYORIA,SOCIALISTA DE CHILE,3106
MARISOL ROZAS VALENZUELA,23,P,CHILE VAMOS,INDEPENDIENTE EVOLUCION POLITICA,1817
MARISOL TURRES FIGUEROA,26,P,CHILE VAMOS,UNION DEMOCRATA INDEPENDIENTE,7271
MARLA GLADYS VARGAS OJEDA,28,K,COALICION REGIONALISTA VERDE,INDEPENDIENTE DEMOCRACIA REGIONAL PATAGONICA,310
MARLENE GUZMAN KRAMER,21,P,CHILE VAMOS,RENOVACION NACIONAL,5720
MARLYN MAGDALENA LEUPIN FERNANDEZ,24,O,CONVERGENCIA DEMOCRATICA,INDEPENDIENTE DEMOCRATA CRISTIANO,589
MARVA VARGAS ALVARADO,26,H,SUMEMOS,INDEPENDIENTE TODOS,389
MATIAS WALKER PRIETO,5,O,CONVERGENCIA DEMOCRATICA,DEMOCRATA CRISTIANO,15468
MAURICIO RIFFO MENDEZ,6,M,UNION PATRIOTICA,UNION PATRIOTICA,2121
MAURICIO SALGADO ROJAS,20,H,SUMEMOS,AMPLITUD,712
MAURICIO ALEJANDRO CARRASCO NUÃ‘EZ,13,G,FRENTE AMPLIO,INDEPENDIENTE ECOLOGISTA VERDE,9480
MAURICIO ALVAREZ SEPULVEDA,8,M,UNION PATRIOTICA,UNION PATRIOTICA,1125
MAURICIO ANDRES AGUILERA MUÃ‘OZ,17,H,SUMEMOS,CIUDADANOS,1283
MAURICIO ANTONIO SANTANDER VIDELA,8,B,POR TODO CHILE,PROGRESISTA,2403
MAURICIO BOZA GONZALEZ,16,P,CHILE VAMOS,RENOVACION NACIONAL,5941
MAURICIO EDUARDO LILLO CAVAGNARO,7,O,CONVERGENCIA DEMOCRATICA,INDEPENDIENTE DEMOCRATA CRISTIANO,1549
MAURICIO GONZALO PEREZ DURAN,20,G,FRENTE AMPLIO,IGUALDAD,1834
MAURICIO JAVIER ABU-GHOSH PARHAM,11,N,LA FUERZA DE LA MAYORIA,INDEPENDIENTE COMUNISTA DE CHILE,2664
MAYA FERNANDEZ ALLENDE,10,N,LA FUERZA DE LA MAYORIA,SOCIALISTA DE CHILE,28437
MELISSA ESTEFANIA VARAS MONTERO,12,N,LA FUERZA DE LA MAYORIA,POR LA DEMOCRACIA,955
MICHAEL GABRIEL GUERRA MUÃ‘OZ,8,B,POR TODO CHILE,INDEPENDIENTE PROGRESISTA,1606
MICHELLE ZUNINO PALACIOS,12,P,CHILE VAMOS,INDEPENDIENTE RENOVACION NACIONAL,6040
MIGUEL CRISPI SERRANO,12,G,FRENTE AMPLIO,REVOLUCION DEMOCRATICA,25569
MIGUEL MELLADO SUAZO,23,P,CHILE VAMOS,RENOVACION NACIONAL,13708
MIGUEL ALFREDO ROCHA SARMIENTO,2,G,FRENTE AMPLIO,PODER,869
MIGUEL ANGEL ALVARADO RAMIREZ,5,N,LA FUERZA DE LA MAYORIA,POR LA DEMOCRACIA,7330
MIGUEL ANGEL CALISTO AGUILA,27,O,CONVERGENCIA DEMOCRATICA,DEMOCRATA CRISTIANO,8822
MIGUEL ANGEL PALTA SARMIENTO,21,B,POR TODO CHILE,PROGRESISTA,2277
MIGUEL ANGEL PEZO MORALES,20,H,SUMEMOS,AMPLITUD,697
MIGUEL ANGEL RENDON ESCOBAR,11,B,POR TODO CHILE,INDEPENDIENTE PROGRESISTA,1233
MIGUEL ARREDONDO ORELLANA,25,O,CONVERGENCIA DEMOCRATICA,DEMOCRATA CRISTIANO,5309
MIJAIL BONITO LOVIO,9,P,CHILE VAMOS,EVOLUCION POLITICA,4032
MILKO CARACCIOLO SOTO,7,G,FRENTE AMPLIO,IGUALDAD,8513
MIRIAM CAROLINA GONZALEZ BERNAL,3,O,CONVERGENCIA DEMOCRATICA,INDEPENDIENTE IZQUIERDA CIUDADANA DE CHILE,606
MIRIAM DEL CARMEN BAZAEZ GUERRA,8,N,LA FUERZA DE LA MAYORIA,POR LA DEMOCRACIA,3690
MORIN CONTRERAS CONCHA,16,N,LA FUERZA DE LA MAYORIA,SOCIALISTA DE CHILE,2460
MYLA ETELVINA CHAVEZ FAJARDO,2,B,POR TODO CHILE,INDEPENDIENTE PAIS,843
MYRNA SEPULVEDA ZAMUDIO,7,B,POR TODO CHILE,INDEPENDIENTE PROGRESISTA,1586
MYRTHA CARMEN PERALTA VEGAS,24,O,CONVERGENCIA DEMOCRATICA,DEMOCRATA CRISTIANO,1688
NANCY LANZARINI WALKER,3,D,PARTIDO DE TRABAJADORES REVOLUCIONARIOS,DE TRABAJADORES REVOLUCIONARIOS,1098
NATALIA GARRIDO TORO,11,G,FRENTE AMPLIO,IGUALDAD,4959
NATALIA ALEJANDRA VILLALOBOS CAMPOS,18,G,FRENTE AMPLIO,HUMANISTA,1903
NATALIA CASTILLO MUÃ‘OZ,10,G,FRENTE AMPLIO,REVOLUCION DEMOCRATICA,4453
NATALY ROJAS SEGUEL,17,G,FRENTE AMPLIO,REVOLUCION DEMOCRATICA,4565
NATAN OLIVOS NUÃ‘EZ,2,P,CHILE VAMOS,EVOLUCION POLITICA,693
NELLY GALEB BOU,4,P,CHILE VAMOS,RENOVACION NACIONAL,2019
NELSON GUZMAN CACERES,26,H,SUMEMOS,TODOS,319
NELSON HADAD HERESY,11,O,CONVERGENCIA DEMOCRATICA,DEMOCRATA CRISTIANO,3605
NELSON RODRIGO GALVEZ PEREZ,5,G,FRENTE AMPLIO,INDEPENDIENTE REVOLUCION DEMOCRATICA,3726
NESTOR MERA MUÃ‘OZ,27,P,CHILE VAMOS,UNION DEMOCRATA INDEPENDIENTE,3757
NESTOR VERA ROJAS,3,D,PARTIDO DE TRABAJADORES REVOLUCIONARIOS,DE TRABAJADORES REVOLUCIONARIOS,934
NIBALDO GABRIEL PINTO SILVA,6,B,POR TODO CHILE,INDEPENDIENTE PROGRESISTA,1451
NICOLA HADWA SHAHWAN,7,B,POR TODO CHILE,INDEPENDIENTE PROGRESISTA,1944
NICOLAS COGLER GALINDO,28,P,CHILE VAMOS,RENOVACION NACIONAL,4810
NICOLAS MENARE MORALES,11,B,POR TODO CHILE,PROGRESISTA,1684
NICOLAS MUÃ‘OZ MONTES,10,O,CONVERGENCIA DEMOCRATICA,DEMOCRATA CRISTIANO,5085
NICOLAS NOMAN GARRIDO,4,P,CHILE VAMOS,UNION DEMOCRATA INDEPENDIENTE,5974
NICOLE VANESSA VALDEBENITO TORRES,12,O,CONVERGENCIA DEMOCRATICA,DEMOCRATA CRISTIANO,7264
NICOLL ADRIANA ROJAS LABRA,7,B,POR TODO CHILE,INDEPENDIENTE PROGRESISTA,959
NIDIA MILLA IRARRAZABAL,5,H,SUMEMOS,AMPLITUD,323
NILLS MARY CID CACERES,23,B,POR TODO CHILE,PROGRESISTA,562
NILZA MARCELA ROJAS ESCHMANN,16,B,POR TODO CHILE,PROGRESISTA,708
NINO BALTOLU RASERA,1,P,CHILE VAMOS,UNION DEMOCRATA INDEPENDIENTE,9272
NINOZKA SANCHEZ CARO,10,M,UNION PATRIOTICA,UNION PATRIOTICA,438
OLGA GONZALEZ DEL RIEGO GARCIA,12,P,CHILE VAMOS,RENOVACION NACIONAL,6825
ORIETA GONZALEZ MATURANA,26,P,CHILE VAMOS,UNION DEMOCRATA INDEPENDIENTE,461
OSCAR AVILA MENDEZ,15,N,LA FUERZA DE LA MAYORIA,SOCIALISTA DE CHILE,7075
OSCAR CABRERA ORTIZ,21,N,LA FUERZA DE LA MAYORIA,RADICAL SOCIALDEMOCRATA,3394
OSCAR ANDRES ARANCIBIA ARANCIBIA,6,B,POR TODO CHILE,INDEPENDIENTE PROGRESISTA,1745
OSCAR FELIPE VARGAS COLOMA,13,B,POR TODO CHILE,INDEPENDIENTE PROGRESISTA,1926
OSCAR PATRICIO MACIAS MACIAS,26,B,POR TODO CHILE,PROGRESISTA,595
OSCAR SANDRINO LEIVA GONZALEZ,24,O,CONVERGENCIA DEMOCRATICA,INDEPENDIENTE DEMOCRATA CRISTIANO,1482
OSVALDO ANDRADE LARA,12,N,LA FUERZA DE LA MAYORIA,SOCIALISTA DE CHILE,12252
OSVALDO URRUTIA SOTO,7,P,CHILE VAMOS,UNION DEMOCRATA INDEPENDIENTE,18198
PABLINA MELLA DIAZ,12,B,POR TODO CHILE,INDEPENDIENTE PROGRESISTA,1003
PABLO GALDAMES DIAZ,8,P,CHILE VAMOS,INDEPENDIENTE REGIONALISTA INDEPENDIENTE,7293
PABLO PRIETO LORCA,17,P,CHILE VAMOS,INDEPENDIENTE RENOVACION NACIONAL,14338
PABLO TERRAZAS LAGOS,11,P,CHILE VAMOS,UNION DEMOCRATA INDEPENDIENTE,25482
PABLO ALEJANDRO HERRERA MONARDES,3,G,FRENTE AMPLIO,REVOLUCION DEMOCRATICA,3619
PABLO ALEXIS PADILLA RUBIO,9,G,FRENTE AMPLIO,INDEPENDIENTE REVOLUCION DEMOCRATICA,4131
PABLO ANDRES MOYA NUÃ‘EZ,24,B,POR TODO CHILE,PROGRESISTA,1799
PABLO CAROCA VASQUEZ,15,M,UNION PATRIOTICA,UNION PATRIOTICA,610
PABLO FRANCISCO GONZALEZ VERA,9,B,POR TODO CHILE,INDEPENDIENTE PROGRESISTA,1783
PABLO GUTIERREZ PAREJA,18,O,CONVERGENCIA DEMOCRATICA,DEMOCRATA CRISTIANO,10982
PABLO KAST SOMMERHOFF,6,P,CHILE VAMOS,INDEPENDIENTE EVOLUCION POLITICA,28465
PABLO LORENZINI BASSO,17,O,CONVERGENCIA DEMOCRATICA,DEMOCRATA CRISTIANO,19884
PABLO ORNALDO VALENZUELA HUANCA,2,O,CONVERGENCIA DEMOCRATICA,DEMOCRATA CRISTIANO,781
PABLO PRADO PULIDO,11,M,UNION PATRIOTICA,UNION PATRIOTICA,549
PABLO RECABAL MATURANA,6,M,UNION PATRIOTICA,UNION PATRIOTICA,1059
PABLO TOLOZA FERNANDEZ,3,P,CHILE VAMOS,UNION DEMOCRATA INDEPENDIENTE,3528
PABLO VIDAL ROJAS,8,G,FRENTE AMPLIO,REVOLUCION DEMOCRATICA,12135
PAMELA ALEJANDRA GARCES ZUÃ‘IGA,23,B,POR TODO CHILE,INDEPENDIENTE PAIS,1229
PAMELA ANDREA VALENZUELA CASTILLO,17,B,POR TODO CHILE,INDEPENDIENTE PAIS,1709
PAMELA BEATRIZ LEAL GATICA,25,G,FRENTE AMPLIO,PODER,3159
PAMELA JILES MORENO,12,G,FRENTE AMPLIO,HUMANISTA,45222
PAMELA MEDINA SCHULZ,15,P,CHILE VAMOS,INDEPENDIENTE RENOVACION NACIONAL,10857
PAMELA SOLEDAD OVALLE QUIROZ,22,N,LA FUERZA DE LA MAYORIA,SOCIALISTA DE CHILE,1424
PAOLA MARCELLI ASTUDILLO,8,M,UNION PATRIOTICA,UNION PATRIOTICA,1247
PAOLA ALEJANDRA SANTIBAÃ‘EZ RIFFO,23,B,POR TODO CHILE,INDEPENDIENTE PROGRESISTA,906
PAOLA ANDREA CABEZAS ZUÃ‘IGA,18,H,SUMEMOS,INDEPENDIENTE CIUDADANOS,2711
PAOLA ANDREA HIGUERAS LABRA,3,H,SUMEMOS,AMPLITUD,952
PAOLA DEL CARMEN BUSTOS MATUS,20,O,CONVERGENCIA DEMOCRATICA,MAS REGION,2462
PASTORA ANTONIETA VALDERRAMA VASQUEZ,7,H,SUMEMOS,AMPLITUD,831
PATRICIA AGUIRRE GONZALEZ,5,G,FRENTE AMPLIO,REVOLUCION DEMOCRATICA,2996
PATRICIA ANDREA IBACETA SANTOS,16,O,CONVERGENCIA DEMOCRATICA,DEMOCRATA CRISTIANO,1063
PATRICIA ANITA COCAS GONZALEZ,11,N,LA FUERZA DE LA MAYORIA,INDEPENDIENTE POR LA DEMOCRACIA,2401
PATRICIA ELENA VALENZUELA SANDOVAL,10,B,POR TODO CHILE,INDEPENDIENTE PROGRESISTA,863
PATRICIA ERIKA ALVAREZ OLAVE,4,G,FRENTE AMPLIO,INDEPENDIENTE PODER,816
PATRICIA MARTINEZ TORRES,24,P,CHILE VAMOS,INDEPENDIENTE REGIONALISTA INDEPENDIENTE,1881
PATRICIA WALEWESKA SALDIAS CARREÃ‘O,19,O,CONVERGENCIA DEMOCRATICA,DEMOCRATA CRISTIANO,2008
PATRICIO HENRIQUEZ BARRIENTOS,27,P,CHILE VAMOS,REGIONALISTA INDEPENDIENTE,767
PATRICIO MARTINEZ FUENTES,2,N,LA FUERZA DE LA MAYORIA,RADICAL SOCIALDEMOCRATA,3189
PATRICIO MUÃ‘OZ CARDENAS,12,R,CANDIDATURA INDEPENDIENTE,CANDIDATURA INDEPENDIENTE,10222
PATRICIO PINILLA VALENCIA,21,O,CONVERGENCIA DEMOCRATICA,DEMOCRATA CRISTIANO,11601
PATRICIO ALFONSO JIMENEZ GONZALEZ,13,B,POR TODO CHILE,INDEPENDIENTE PROGRESISTA,2179
PATRICIO ALTAMIRANO ARANCIBIA,12,M,UNION PATRIOTICA,UNION PATRIOTICA,957
PATRICIO ANTONIO BARROS VIGUERA,6,O,CONVERGENCIA DEMOCRATICA,DEMOCRATA CRISTIANO,2508
PATRICIO ANTONIO NEIRA PEZOA,10,G,FRENTE AMPLIO,ECOLOGISTA VERDE,1464
PATRICIO LOPEZ BERRIOS,1,P,CHILE VAMOS,RENOVACION NACIONAL,1806
PATRICIO MELERO ABAROA,8,P,CHILE VAMOS,UNION DEMOCRATA INDEPENDIENTE,23042
PATRICIO RIVAS GATICA,23,R,CANDIDATURA INDEPENDIENTE,CANDIDATURA INDEPENDIENTE,2090
PATRICIO ROSAS BARRIENTOS,24,N,LA FUERZA DE LA MAYORIA,SOCIALISTA DE CHILE,13371
PAULA GUROVICH MIRET,24,H,SUMEMOS,INDEPENDIENTE TODOS,414
PAULA ZUÃ‘IGA CALDERON,14,O,CONVERGENCIA DEMOCRATICA,DEMOCRATA CRISTIANO,9905
PAULA MILLACURA TORRES,26,B,POR TODO CHILE,PROGRESISTA,2243
PAULA OPAZO NOVA,20,G,FRENTE AMPLIO,ECOLOGISTA VERDE,3564
PAULINA NUÃ‘EZ URRUTIA,3,P,CHILE VAMOS,RENOVACION NACIONAL,37768
PAULINA ORELLANA AUIL,15,P,CHILE VAMOS,INDEPENDIENTE UNION DEMOCRATA INDEPENDIENTE,2452
PAULINA PIÃ‘EIRO UGARTE,11,O,CONVERGENCIA DEMOCRATICA,DEMOCRATA CRISTIANO,3578
PAZ ANDREA SUAREZ BRIONES,12,N,LA FUERZA DE LA MAYORIA,POR LA DEMOCRACIA,989
PEDRO AVILA SILVA,6,N,LA FUERZA DE LA MAYORIA,RADICAL SOCIALDEMOCRATA,7601
PEDRO CID CID,4,K,COALICION REGIONALISTA VERDE,INDEPENDIENTE FEDERACION REGIONALISTA VERDE SOCIAL,2070
PEDRO PRADO MORENO,5,O,CONVERGENCIA DEMOCRATICA,DEMOCRATA CRISTIANO,1320
PEDRO ANTONIO CASTILLO CASTILLO,5,H,SUMEMOS,AMPLITUD,1658
PEDRO ANTONIO VELASQUEZ SEGUEL,5,K,COALICION REGIONALISTA VERDE,INDEPENDIENTE FEDERACION REGIONALISTA VERDE SOCIAL,22587
PEDRO ANTONIO VERGARA ROJAS,27,K,COALICION REGIONALISTA VERDE,DEMOCRACIA REGIONAL PATAGONICA,150
PEDRO ARAYA AVILA,5,H,SUMEMOS,AMPLITUD,653
PEDRO ENRIQUE GARCIA ASPILLAGA,10,O,CONVERGENCIA DEMOCRATICA,DEMOCRATA CRISTIANO,3051
PEDRO PABLO ALVAREZ-SALAMANCA RAMIREZ,17,P,CHILE VAMOS,UNION DEMOCRATA INDEPENDIENTE,20541
PEPE AUTH STEWART,8,N,LA FUERZA DE LA MAYORIA,INDEPENDIENTE RADICAL SOCIALDEMOCRATA,26839
PERLA SEGUEL TORRES,8,P,CHILE VAMOS,RENOVACION NACIONAL,2704
PIA MARGARIT BAHAMONDE,8,P,CHILE VAMOS,UNION DEMOCRATA INDEPENDIENTE,5169
PILAR DURAN BARONTI,9,N,LA FUERZA DE LA MAYORIA,SOCIALISTA DE CHILE,7141
PILAR SOBERADO NUÃ‘EZ,7,P,CHILE VAMOS,INDEPENDIENTE EVOLUCION POLITICA,2841
PILAR SOTO RIVAS,4,O,CONVERGENCIA DEMOCRATICA,DEMOCRATA CRISTIANO,2495
RAFAEL MONTES GONZALEZ,2,H,SUMEMOS,AMPLITUD,817
RAMON BARROS MONTERO,16,P,CHILE VAMOS,UNION DEMOCRATA INDEPENDIENTE,21866
RAMON ESPINOZA SANDOVAL,26,N,LA FUERZA DE LA MAYORIA,SOCIALISTA DE CHILE,8115
RAMON FARIAS PONCE,10,N,LA FUERZA DE LA MAYORIA,POR LA DEMOCRACIA,14259
RAMON GALLEGUILLOS CASTILLO,2,P,CHILE VAMOS,RENOVACION NACIONAL,17279
RAQUEL REBOLLEDO FLORES,20,G,FRENTE AMPLIO,ECOLOGISTA VERDE,2769
RAUL LEIVA CARVAJAL,14,N,LA FUERZA DE LA MAYORIA,SOCIALISTA DE CHILE,44774
RAUL SALDIVAR AUGER,5,N,LA FUERZA DE LA MAYORIA,SOCIALISTA DE CHILE,11077
RAUL SOTO MARDONES,15,O,CONVERGENCIA DEMOCRATICA,DEMOCRATA CRISTIANO,9026
RAUL ALBERTO VILLAVICENCIO MARABOLI,10,B,POR TODO CHILE,PROGRESISTA,870
RAUL OLIVA CAMADRO,26,B,POR TODO CHILE,PROGRESISTA,3384
RAUL PALACIOS AUSPONT,4,O,CONVERGENCIA DEMOCRATICA,MAS REGION,197
RAYEN INGLES HUECHE,22,O,CONVERGENCIA DEMOCRATICA,DEMOCRATA CRISTIANO,4744
RENATO GARIN GONZALEZ,14,G,FRENTE AMPLIO,REVOLUCION DEMOCRATICA,11573
RENE JOFRE DELGADO,11,N,LA FUERZA DE LA MAYORIA,POR LA DEMOCRACIA,3806
RENE AEDO ORMEÃ‘O,4,P,CHILE VAMOS,RENOVACION NACIONAL,3006
RENE ANSELMO LEGUE CARDENAS,27,O,CONVERGENCIA DEMOCRATICA,DEMOCRATA CRISTIANO,637
RENE LUES ESCOBAR,7,O,CONVERGENCIA DEMOCRATICA,DEMOCRATA CRISTIANO,9410
RENE MANUEL GARCIA GARCIA,23,P,CHILE VAMOS,RENOVACION NACIONAL,23118
RENE NUÃ‘EZ AVILA,21,P,CHILE VAMOS,EVOLUCION POLITICA,2575
RENE OSVALDO ALINCO BUSTOS,27,N,LA FUERZA DE LA MAYORIA,INDEPENDIENTE POR LA DEMOCRACIA,3121
RENE SAFFIRIO ESPINOZA,23,R,CANDIDATURA INDEPENDIENTE,CANDIDATURA INDEPENDIENTE,38578
RENZO ITALO GALGANI FONSECA,20,B,POR TODO CHILE,PAIS,1528
RENZO TRISOTTI MARTINEZ,2,P,CHILE VAMOS,UNION DEMOCRATA INDEPENDIENTE,20084
RICARDO CELIS ARAYA,23,N,LA FUERZA DE LA MAYORIA,POR LA DEMOCRACIA,16335
RICARDO ANGEL CAMARGO BRITO,8,G,FRENTE AMPLIO,INDEPENDIENTE PODER,6743
RICARDO BRAVO OLIVA,7,N,LA FUERZA DE LA MAYORIA,SOCIALISTA DE CHILE,6377
RICARDO CACERES OLAVE,26,G,FRENTE AMPLIO,PODER,1214
RICARDO IVAN MALDONADO OLIVARES,8,G,FRENTE AMPLIO,HUMANISTA,4800
RICARDO LISBOA HENRIQUEZ,16,G,FRENTE AMPLIO,HUMANISTA,941
RICHARD CAIFAL PIUTRIN,23,H,SUMEMOS,INDEPENDIENTE AMPLITUD,1125
RICHARD MANUEL PINCHEIRA AEDO,19,B,POR TODO CHILE,INDEPENDIENTE PAIS,1835
RICHARD VILDOSO ROJAS,1,O,CONVERGENCIA DEMOCRATICA,DEMOCRATA CRISTIANO,541
ROBERTO ANDRES FRANCESCONI RIQUELME,20,B,POR TODO CHILE,INDEPENDIENTE PROGRESISTA,1416
ROBERTO CARLOS OVALLE MOLINA,14,M,UNION PATRIOTICA,UNION PATRIOTICA,1344
ROBERTO EDUARDO LEON RAMIREZ,17,O,CONVERGENCIA DEMOCRATICA,DEMOCRATA CRISTIANO,11852
ROBERTO JULIO MARTINEZ MALDONADO,9,B,POR TODO CHILE,INDEPENDIENTE PROGRESISTA,1088
ROBERTO POBLETE ZAPATA,21,N,LA FUERZA DE LA MAYORIA,INDEPENDIENTE SOCIALISTA DE CHILE,12306
ROBERTO VEGA CAMPUSANO,5,P,CHILE VAMOS,RENOVACION NACIONAL,6372
ROCIO GUZMAN MAGAÃ‘A,19,H,SUMEMOS,AMPLITUD,1746
RODOLFO ARANDA VILLANUEVA,18,N,LA FUERZA DE LA MAYORIA,INDEPENDIENTE RADICAL SOCIALDEMOCRATA,1480
RODOLFO RUIZ MEDEL,20,B,POR TODO CHILE,PROGRESISTA,798
RODOLFO SEGUEL MOLINA,13,O,CONVERGENCIA DEMOCRATICA,DEMOCRATA CRISTIANO,7462
RODOLFO ARTURO NUÃ‘EZ BUSTAMANTE,15,N,LA FUERZA DE LA MAYORIA,COMUNISTA DE CHILE,2148
RODOLFO JAVIER CHELME BUSTOS,10,B,POR TODO CHILE,PROGRESISTA,652
RODRIGO SILVA ALFARO,6,H,SUMEMOS,AMPLITUD,787
RODRIGO ALBORNOZ POLLMANN,9,O,CONVERGENCIA DEMOCRATICA,DEMOCRATA CRISTIANO,4867
RODRIGO ALEJANDRO TOLEDO DEL RIO,25,K,COALICION REGIONALISTA VERDE,DEMOCRACIA REGIONAL PATAGONICA,1169
RODRIGO ANDRES MORENO ORELLANA,25,H,SUMEMOS,CIUDADANOS,653
RODRIGO ANTONIO CUEVAS TRONCOSO,1,B,POR TODO CHILE,INDEPENDIENTE PROGRESISTA,8841
RODRIGO CUEVAS BENITEZ,7,H,SUMEMOS,AMPLITUD,425
RODRIGO DAROCH YAÃ‘EZ,21,N,LA FUERZA DE LA MAYORIA,POR LA DEMOCRACIA,7478
RODRIGO GONZALEZ LOPEZ,23,N,LA FUERZA DE LA MAYORIA,SOCIALISTA DE CHILE,1370
RODRIGO GONZALEZ TORRES,7,N,LA FUERZA DE LA MAYORIA,POR LA DEMOCRACIA,16849
RODRIGO JAVIER BORNE CARNARTON,3,H,SUMEMOS,CIUDADANOS,595
RODRIGO OLIVA VICENTELO,2,G,FRENTE AMPLIO,IGUALDAD,3391
ROLANDO RENTERIA MOLLER,18,P,CHILE VAMOS,UNION DEMOCRATA INDEPENDIENTE,16715
ROSA DEL CARMEN RIQUELME ANDRADES,17,B,POR TODO CHILE,PAIS,2670
ROSA OYARCE SUAZO,10,P,CHILE VAMOS,RENOVACION NACIONAL,6084
ROSARIO ANDREA OLIVARES SAAVEDRA,10,G,FRENTE AMPLIO,ECOLOGISTA VERDE,4063
ROSARIO PEREZ IZQUIERDO,7,P,CHILE VAMOS,RENOVACION NACIONAL,6891
ROSSANA VIRGINIA ALVARADO PINTO,1,B,POR TODO CHILE,INDEPENDIENTE PROGRESISTA,448
ROXANA VIGUERAS CHERRES,2,G,FRENTE AMPLIO,LIBERAL DE CHILE,4974
ROXANA PEY TUMANOFF,27,N,LA FUERZA DE LA MAYORIA,INDEPENDIENTE COMUNISTA DE CHILE,1432
RUBEN EDUARDO ANDINO MALDONADO,16,G,FRENTE AMPLIO,HUMANISTA,1584
RUTH SEEMANN BARRIA,25,B,POR TODO CHILE,PROGRESISTA,745
SACHA IVAN RAZMILIC BURGOS,3,H,SUMEMOS,CIUDADANOS,1097
SAMUEL ABELARDO JIMENEZ MORAGA,18,B,POR TODO CHILE,INDEPENDIENTE PROGRESISTA,726
SAMUEL FLORES GARRIDO,16,R,CANDIDATURA INDEPENDIENTE,CANDIDATURA INDEPENDIENTE,4887
SANDRA AMAR MANCILLA,28,P,CHILE VAMOS,INDEPENDIENTE UNION DEMOCRATA INDEPENDIENTE,6871
SANDRA CARMONA PIZARRO,3,G,FRENTE AMPLIO,IGUALDAD,3102
SANDRA PEÃ‘A MARAMBIO,4,G,FRENTE AMPLIO,INDEPENDIENTE REVOLUCION DEMOCRATICA,639
SANDRA ELENA URIBE FLORES,9,G,FRENTE AMPLIO,INDEPENDIENTE IGUALDAD,2534
SANDRA GUERRA TURCATI,4,K,COALICION REGIONALISTA VERDE,FEDERACION REGIONALISTA VERDE SOCIAL,270
SANDRA OLIVA JIMENEZ,21,G,FRENTE AMPLIO,IGUALDAD,2235
SANDRA PAOLA VEGA OYARZO,26,G,FRENTE AMPLIO,ECOLOGISTA VERDE,3173
SANDRA VELASQUEZ PALMA,21,G,FRENTE AMPLIO,HUMANISTA,1686
SARA MARTINEZ MONDELO,27,H,SUMEMOS,INDEPENDIENTE TODOS,307
SEBASTIAN LAFAURIE RIVERA,8,P,CHILE VAMOS,REGIONALISTA INDEPENDIENTE,3069
SEBASTIAN VERGARA ALFARO,2,G,FRENTE AMPLIO,HUMANISTA,2418
SEBASTIAN ALVAREZ RAMIREZ,23,P,CHILE VAMOS,EVOLUCION POLITICA,5319
SEBASTIAN KEITEL BIANCHI,9,P,CHILE VAMOS,INDEPENDIENTE EVOLUCION POLITICA,30243
SEBASTIAN LLANTEN MORALES,16,O,CONVERGENCIA DEMOCRATICA,DEMOCRATA CRISTIANO,488
SEBASTIAN MANUEL CAMPOS CAMPILLAY,4,O,CONVERGENCIA DEMOCRATICA,MAS REGION,463
SEBASTIAN TORREALBA ALVARADO,10,P,CHILE VAMOS,RENOVACION NACIONAL,10196
SERGIO ARIEL SALAZAR MEZA,16,N,LA FUERZA DE LA MAYORIA,SOCIALISTA DE CHILE,6373
SERGIO BOBADILLA MUÃ‘OZ,20,P,CHILE VAMOS,UNION DEMOCRATA INDEPENDIENTE,18432
SERGIO CARVAJAL CADIZ,18,G,FRENTE AMPLIO,HUMANISTA,920
SERGIO GAHONA SALAZAR,5,P,CHILE VAMOS,UNION DEMOCRATA INDEPENDIENTE,27332
SERGIO GOMEZ CELEDON,10,M,UNION PATRIOTICA,UNION PATRIOTICA,539
SERGIO JAVIER PIZARRO GOMEZ,3,H,SUMEMOS,INDEPENDIENTE CIUDADANOS,1993
SERGIO RODRIGO OJEDA URIBE,25,O,CONVERGENCIA DEMOCRATICA,DEMOCRATA CRISTIANO,6233
SILVIA BERTA GUALA CARRASCO,24,B,POR TODO CHILE,PROGRESISTA,906
SILVIO RIVERA DURAN,8,M,UNION PATRIOTICA,UNION PATRIOTICA,942
SOFIA CID VERSALOVIC,4,P,CHILE VAMOS,RENOVACION NACIONAL,13325
SOL ROMERO DEL VILLAR,3,N,LA FUERZA DE LA MAYORIA,RADICAL SOCIALDEMOCRATA,1233
SOLEDAD ALAMOS FUENZALIDA,11,G,FRENTE AMPLIO,REVOLUCION DEMOCRATICA,17845
SOLEDAD TOHA VELOSO,19,N,LA FUERZA DE LA MAYORIA,SOCIALISTA DE CHILE,8101
SONIA CUBILLOS ESPINOZA,6,M,UNION PATRIOTICA,UNION PATRIOTICA,760
SONIA ELIZABETH SILVA TORRES,25,B,POR TODO CHILE,INDEPENDIENTE PROGRESISTA,505
SONYA IVONNE LANGENBACH RUIZ,3,O,CONVERGENCIA DEMOCRATICA,DEMOCRATA CRISTIANO,992
SORAYA SAID TEUBER,25,P,CHILE VAMOS,INDEPENDIENTE UNION DEMOCRATA INDEPENDIENTE,3248
SUSAN ANGELICA PONCE JARA,26,G,FRENTE AMPLIO,PODER,902
SUSANA SANCHEZ GONGORA,14,B,POR TODO CHILE,PROGRESISTA,1675
SUSANA ROSA HERNANDEZ COLLAO,12,G,FRENTE AMPLIO,IGUALDAD,3864
TAMARA ANDREA ESPINOZA GUTIERREZ,27,K,COALICION REGIONALISTA VERDE,DEMOCRACIA REGIONAL PATAGONICA,120
TAMARA BELEN ORTIZ CASTILLO,21,G,FRENTE AMPLIO,IGUALDAD,2270
TAMARA MORA MORA,13,O,CONVERGENCIA DEMOCRATICA,DEMOCRATA CRISTIANO,2570
TAMARA MOYA MOYANO,11,N,LA FUERZA DE LA MAYORIA,SOCIALISTA DE CHILE,1094
TAMARA TORRES HUECHUCURA,23,N,LA FUERZA DE LA MAYORIA,COMUNISTA DE CHILE,2565
TIRSO ANTONIO GONZALEZ ALQUINTA,5,G,FRENTE AMPLIO,ECOLOGISTA VERDE,2826
TITO JAIME MONJE PINCHEIRA,10,O,CONVERGENCIA DEMOCRATICA,DEMOCRATA CRISTIANO,948
TOMAS HIRSCH GOLDSCHMIDT,11,G,FRENTE AMPLIO,HUMANISTA,23627
TRINIDAD MORAN HERRERA,7,P,CHILE VAMOS,RENOVACION NACIONAL,8115
TUCAPEL FRANCISCO JIMENEZ FUENTES,13,N,LA FUERZA DE LA MAYORIA,POR LA DEMOCRACIA,22551
ULISES TOBAR CASSI,6,O,CONVERGENCIA DEMOCRATICA,DEMOCRATA CRISTIANO,4853
ULISES CARABANTES AHUMADA,4,B,POR TODO CHILE,INDEPENDIENTE PROGRESISTA,678
VALDEMAR SANHUEZA YEVENES,8,M,UNION PATRIOTICA,UNION PATRIOTICA,1240
VALENTIN HUMBERTO VOLTA VALENCIA,3,O,CONVERGENCIA DEMOCRATICA,DEMOCRATA CRISTIANO,4763
VALENTINA OLIVARES GRAY,12,G,FRENTE AMPLIO,HUMANISTA,4277
VALERIA ORTEGA CADENA,17,G,FRENTE AMPLIO,REVOLUCION DEMOCRATICA,3839
VALERIA BEATRIZ FANNY ARANCIBIA LUCO,17,H,SUMEMOS,CIUDADANOS,1060
VALERIA SOTO CARRASCO,9,M,UNION PATRIOTICA,UNION PATRIOTICA,1235
VALESKA NARANJO DAWSON,10,N,LA FUERZA DE LA MAYORIA,INDEPENDIENTE SOCIALISTA DE CHILE,2058
VALESKA DE LAS NIEVES OYARCE PEÃ‘A,9,B,POR TODO CHILE,INDEPENDIENTE PROGRESISTA,1358
VANESSA CABELLO PARADA,16,P,CHILE VAMOS,UNION DEMOCRATA INDEPENDIENTE,471
VANIA SALAZAR SALAZAR,20,N,LA FUERZA DE LA MAYORIA,SOCIALISTA DE CHILE,2499
VERONICA GARRIDO BELLO,13,P,CHILE VAMOS,EVOLUCION POLITICA,4807
VERONICA PAULINA PINILLA MARTINEZ,10,N,LA FUERZA DE LA MAYORIA,POR LA DEMOCRACIA,2360
VICENTE JAVIER GOMEZ SAN MARTIN,24,G,FRENTE AMPLIO,ECOLOGISTA VERDE,1184
VICTOR BUSTAMANTE GALAZ,16,K,COALICION REGIONALISTA VERDE,FEDERACION REGIONALISTA VERDE SOCIAL,2241
VICTOR ITURRIETA RIOS,8,M,UNION PATRIOTICA,UNION PATRIOTICA,790
VICTOR SEGUEL HENRIQUEZ,23,H,SUMEMOS,AMPLITUD,1211
VICTOR HUGO CAMILLA REYES,15,B,POR TODO CHILE,PROGRESISTA,823
VICTOR HUGO ORTIZ AVENDAÃ‘O,12,B,POR TODO CHILE,PROGRESISTA,1432
VICTOR MANUEL BORQUEZ FINCKE,27,H,SUMEMOS,CIUDADANOS,209
VICTOR MANUEL VILLALOBOS SOTO,7,B,POR TODO CHILE,PROGRESISTA,1246
VICTOR MARCELO TORRES JELDES,7,O,CONVERGENCIA DEMOCRATICA,DEMOCRATA CRISTIANO,14942
VICTOR OSORIO REYES,8,O,CONVERGENCIA DEMOCRATICA,INDEPENDIENTE DEMOCRATA CRISTIANO,5217
VICTOR RICARDO CERDA MORALES,14,G,FRENTE AMPLIO,ECOLOGISTA VERDE,6317
VICTORIA INES FARIÃ‘A CONCHA,20,N,LA FUERZA DE LA MAYORIA,COMUNISTA DE CHILE,4416
VIRGINIA TRONCOSO HELLMAN,16,P,CHILE VAMOS,UNION DEMOCRATA INDEPENDIENTE,7987
VITALIA MARICEL MUÃ‘OZ CASTILLO,4,O,CONVERGENCIA DEMOCRATICA,IZQUIERDA CIUDADANA DE CHILE,832
VIVIANA NAVARRO BRAIN,20,B,POR TODO CHILE,PAIS,2112
VIVIANA ALEJANDRA GULPPI RUBIO,17,O,CONVERGENCIA DEMOCRATICA,IZQUIERDA CIUDADANA DE CHILE,785
VIVIENNE BACHELET NORELLI,11,N,LA FUERZA DE LA MAYORIA,SOCIALISTA DE CHILE,4392
VLADIMIR ALBERTO RIESCO BAHAMONDES,24,G,FRENTE AMPLIO,REVOLUCION DEMOCRATICA,3352
VLADIMIRO MIMICA CARCAMO,28,N,LA FUERZA DE LA MAYORIA,INDEPENDIENTE SOCIALISTA DE CHILE,3807
VLADO MIROSEVIC VERDUGO,1,G,FRENTE AMPLIO,LIBERAL DE CHILE,24273
WALESKA JACQUELINE CASTILLO LOPEZ,6,O,CONVERGENCIA DEMOCRATICA,DEMOCRATA CRISTIANO,7370
WILLEM SCHUITEMAKER TRUFFELLO,11,G,FRENTE AMPLIO,ECOLOGISTA VERDE,6085
XIMENA LARENAS HENRIQUEZ,19,G,FRENTE AMPLIO,ECOLOGISTA VERDE,2624
XIMENA MARIA RIVILLO OROSTICA,6,N,LA FUERZA DE LA MAYORIA,POR LA DEMOCRACIA,3712
XIMENA OÃ‘ATE AVILA,23,N,LA FUERZA DE LA MAYORIA,SOCIALISTA DE CHILE,3252
XIMENA OSSANDON IRARRAZABAL,12,P,CHILE VAMOS,RENOVACION NACIONAL,52484
YERKO AVALOS VILLARROEL,5,H,SUMEMOS,AMPLITUD,8364
YHANSS DELGADO QUEVEDO,4,K,COALICION REGIONALISTA VERDE,FEDERACION REGIONALISTA VERDE SOCIAL,651
YOVANNA FUENTES PINO,14,N,LA FUERZA DE LA MAYORIA,INDEPENDIENTE SOCIALISTA DE CHILE,2991
ZAIDA FALCES SALAZAR,13,M,UNION PATRIOTICA,UNION PATRIOTICA,1006
ZANDRA ESTHER PARISI FERNANDEZ,26,K,COALICION REGIONALISTA VERDE,DEMOCRACIA REGIONAL PATAGONICA,1169
